# step time[ps] z_front[A] vz[A/ps] speed[A/ps] penetration[A]
6000 1.5 243.735544720037 -10.0000000000001 10.0000000000001 -5.23554472003701
6050 1.51 243.635519301413 -10 10 -5.13551930141301
6100 1.52 243.535443096811 -10 10 -5.03544309681101
6150 1.53 243.435316260502 -10 10 -4.93531626050199
6200 1.54 243.335139050997 -10 10 -4.83513905099699
6250 1.55 243.234911832662 -9.99999999999999 9.99999999999999 -4.73491183266199
6300 1.56 243.134635077312 -10 10 -4.634635077312
6350 1.57 243.034309365641 -10 10 -4.53430936564101
6400 1.58 242.933935388808 -10 10 -4.43393538880801
6450 1.59 242.833513950957 -9.99999999999999 9.99999999999999 -4.33351395095701
6500 1.6 242.733045973681 -10 10 -4.23304597368099
6550 1.61 242.632532503295 -10 10 -4.13253250329501
6600 1.62 242.531974722203 -10 10 -4.03197472220299
6650 1.63 242.431373965983 -10 10 -3.931373965983
6700 1.64 242.330731744328 -10 10 -3.83073174432801
6750 1.65 242.230049761328 -10 10 -3.73004976132799
6800 1.66 242.129329932905 -10 10 -3.62932993290499
6850 1.67 242.028574401467 -10 10 -3.52857440146701
6900 1.68 241.927785553562 -10 10 -3.42778555356199
6950 1.69 241.826966047951 -10 10 -3.326966047951
7000 1.7 241.726118849379 -9.99999999999999 9.99999999999999 -3.22611884937899
7050 1.71 241.625247268094 -10 10 -3.125247268094
7100 1.72 241.524355018649 -10 10 -3.024355018649
7150 1.73 241.423446294607 -10 10 -2.923446294607
7200 1.74 241.32252582627 -9.99999999999999 9.99999999999999 -2.82252582627001
7250 1.75 241.22159889051 -10 10 -2.72159889050999
7300 1.76 241.120671303142 -9.99999999999999 9.99999999999999 -2.62067130314199
7350 1.77 241.019749456367 -10 10 -2.51974945636701
7400 1.78 240.918840396974 -10 10 -2.41884039697399
7450 1.79 240.817951934238 -10 10 -2.31795193423801
7500 1.8 240.717092787293 -10 10 -2.21709278729301
7550 1.81 240.616272783477 -10 10 -2.116272783477
7600 1.82 240.515503112791 -10 10 -2.01550311279101
7650 1.83 240.414796627699 -10 10 -1.91479662769899
7700 1.84 240.314168145816 -9.99999999999999 9.99999999999999 -1.81416814581601
7750 1.85 240.213634693427 -10 10 -1.713634693427
7800 1.86 240.113215696052 -10 10 -1.61321569605201
7850 1.87 240.012933120166 -10 10 -1.512933120166
7900 1.88 239.912451689597 -10 10 -1.41245168959699
7950 1.89 239.811608212252 -9.99999999999999 9.99999999999999 -1.311608212252
8000 1.9 239.710950157661 -10 10 -1.21095015766099
8050 1.91 239.610494352534 -10 10 -1.110494352534
8100 1.92 239.510258565401 -10 10 -1.01025856540099
8150 1.93 239.410260930021 -9.99999999999999 9.99999999999999 -0.910260930020996
8200 1.94 239.310519634981 -9.99999999999999 9.99999999999999 -0.810519634981006
8250 1.95 239.211052735696 -10 10 -0.711052735696001
8300 1.96 239.111877910493 -10 10 -0.611877910493007
8350 1.97 239.013012119371 -9.99999999999999 9.99999999999999 -0.513012119371012
8400 1.98 238.914471124108 -10 10 -0.41447112410799
8450 1.99 238.816268853315 -9.99999999999999 9.99999999999999 -0.316268853314995
8500 2 238.71841661365 -10 10 -0.218416613649993
8550 2.01 238.620921817463 -9.99999999999999 9.99999999999999 -0.120921817463
8600 2.02 238.523787242025 -9.99999999999999 9.99999999999999 -0.0237872420250085
8650 2.03 238.427010886769 -10 10 0.0729891132309888
8700 2.04 238.330584701863 -10 10 0.169415298137011
8750 2.05 238.234494200743 -10 10 0.265505799256999
8800 2.06 238.138718696253 -10 10 0.361281303747006
8850 2.07 238.043232500567 -9.99999999999999 9.99999999999999 0.456767499432999
8900 2.08 237.948007401652 -10 10 0.551992598347994
8950 2.09 237.853016563557 -10 10 0.646983436443008
9000 2.1 237.758239681136 -10.0000000896102 10.0000000896102 0.74176031886401
9050 2.11 237.66366864373 -10.0000004556683 10.0000004556683 0.836331356269994
9100 2.12 237.569313456253 -10.0000012188763 10.0000012188763 0.930686543746987
9150 2.13 237.475206397047 -10.0000021321217 10.0000021321217 1.024793602953
9200 2.14 237.381400122132 -10.0000038582394 10.0000038582394 1.11859987786801
9250 2.15 237.287961500196 -10.0000068805294 10.0000068805295 1.21203849980401
9300 2.16 237.194980972558 -10.0000105594948 10.0000105594948 1.305019027442
9350 2.17 237.102563149555 -10.0000148964579 10.000014896458 1.39743685044499
9400 2.18 237.010813156284 -10.0000203118342 10.0000203118344 1.489186843716
9450 2.19 236.919826019418 -10.0000270693831 10.0000270693835 1.580173980582
9500 2.2 236.829677419392 -10.0000353806966 10.0000353806973 1.670322580608
9550 2.21 236.740416379478 -10.0000450585482 10.0000450585494 1.75958362052199
9600 2.22 236.652059365974 -10.0000565327432 10.0000565327451 1.847940634026
9650 2.23 236.564581733857 -10.0000705000468 10.0000705000496 1.93541826614299
9700 2.24 236.477909052395 -10.0000873860344 10.0000873860385 2.02209094760499
9750 2.25 236.391920110865 -10.0001066053467 10.0001066053528 2.10807988913501
9800 2.26 236.306434889427 -10.0001292586744 10.0001292586831 2.19356511057299
9850 2.27 236.221215080286 -10.0001552307117 10.0001552307239 2.27878491971401
9900 2.28 236.13598237987 -10.0001848085654 10.0001848085822 2.36401762013
9950 2.29 236.050458969161 -10.0002188614884 10.0002188615111 2.44954103083899
10000 2.3 235.964419032261 -10.0002580414597 10.0002580414897 2.53558096773901
10050 2.31 235.877729185733 -10.0003034259523 10.0003034259922 2.62227081426701
10100 2.32 235.790348928538 -10.0003555309538 10.0003555310065 2.70965107146199
10150 2.33 235.702276091527 -10.0004152002122 10.0004152002813 2.79772390847299
10200 2.34 235.613460122065 -10.0004825476107 10.0004825477015 2.88653987793501
10250 2.35 235.523735412285 -10.0005587391385 10.0005587392558 2.97626458771501
10300 2.36 235.432837701983 -10.0006444292211 10.0006444293713 3.067162298017
10350 2.37 235.340511951939 -10.0007407297974 10.0007407299876 3.15948804806101
10400 2.38 235.246683330573 -10.0008504885526 10.0008504887936 3.25331666942699
10450 2.39 235.140728678139 -10.0009759768327 10.0009759771351 3.359271321861
10500 2.4 235.032711597015 -10.0011204111604 10.0011204115374 3.46728840298499
10550 2.41 234.925309270838 -10.0012881331839 10.0012881336536 3.574690729162
10600 2.42 234.819105874562 -10.0014846698493 10.0014846704379 3.68089412543799
10650 2.43 234.714589036273 -10.0017120196759 10.0017120204158 3.785410963727
10700 2.44 234.612104639667 -10.001973586619 10.0019735875493 3.887895360333
10750 2.45 234.511836573229 -10.0022744081191 10.0022744092874 3.988163426771
10800 2.46 234.413835076544 -10.0026190297686 10.0026190312338 4.08616492345601
10850 2.47 234.317959584272 -10.0030129185607 10.0030129204025 4.18204041572801
10900 2.48 234.197499341966 -10.0034633411103 10.0034633434282 4.30250065803401
10950 2.49 234.076780110548 -10.0039756273285 10.0039756302656 4.42321988945201
11000 2.5 233.956139632011 -10.0045588405815 10.0045588443269 4.543860367989
11050 2.51 233.83578185283 -10.0052240993919 10.0052241042186 4.66421814717
11100 2.52 233.715598357679 -10.0059834875993 10.0059834938914 4.784401642321
11150 2.53 233.59504632836 -10.0068544329633 10.0068544413322 4.90495367163999
11200 2.54 233.473238053775 -10.007857532638 10.0078575439031 5.02676194622501
11250 2.55 233.349295935729 -10.0090196986715 10.0090197140197 5.150704064271
11300 2.56 233.222854057494 -10.010370588738 10.0103706098383 5.277145942506
11350 2.57 233.094468487754 -10.0119420465346 10.0119420756026 5.405531512246
11400 2.58 232.965620278595 -10.0137651870449 10.0137652269692 5.534379721405
11450 2.59 232.838344653328 -10.0158678645047 10.015867919062 5.66165534667201
11500 2.6 232.714736747709 -10.0182667804825 10.0182668546352 5.785263252291
11550 2.61 232.596601779753 -10.0209626865735 10.0209627863144 5.903398220247
11600 2.62 232.485327790543 -10.0239464617705 10.0239465941214 6.01467220945699
11650 2.63 232.38188778911 -10.0272094351638 10.0272096081769 6.11811221088999
11700 2.64 232.286873573199 -10.030739977861 10.0307402014175 6.21312642680101
11750 2.65 232.200531517842 -10.0345285867228 10.0345288731663 6.29946848215801
11800 2.66 232.122677285447 -10.0385869463273 10.0385873110556 6.377322714553
11850 2.67 232.052481759033 -10.042936914906 10.0429373765419 6.44751824096701
11900 2.68 231.988654892972 -10.0476021829436 10.0476027635689 6.51134510702801
11950 2.69 231.929474008374 -10.0526265634776 10.052627288005 6.570525991626
12000 2.7 231.872403798499 -10.0580690536928 10.0580699497847 6.62759620150101
12050 2.71 231.814269472587 -10.0639620112546 10.0639631084927 6.685730527413
12100 2.72 231.752079682513 -10.0703076566002 10.070308989049 6.747920317487
12150 2.73 231.683875253951 -10.0770623320212 10.0770639434983 6.81612474604901
12200 2.74 231.5672320787 -10.0841169869894 10.0841189415351 6.93276792130001
12250 2.75 231.429501294858 -10.091265012007 10.0912674164797 7.070498705142
12300 2.76 231.300784843622 -10.0981925373943 10.0981955823346 7.19921515637799
12350 2.77 231.193517027538 -10.1046499807435 10.104653962752 7.30648297246199
12400 2.78 231.116659980142 -10.1108596953034 10.1108649412125 7.383340019858
12450 2.79 231.065965746399 -10.1173490206272 10.117355830221 7.434034253601
12500 2.8 231.024879214757 -10.1243112810384 10.1243200698042 7.47512078524301
12550 2.81 230.974409772918 -10.1318014338419 10.1318128273149 7.52559022708201
12600 2.82 230.901457997347 -10.1402245569348 10.1402391117738 7.59854200265301
12650 2.83 230.803688637817 -10.1497106405496 10.1497286913935 7.696311362183
12700 2.84 230.691281102335 -10.1596004794392 10.1596225256273 7.80871889766499
12750 2.85 230.583403710548 -10.1691709547385 10.1691981539258 7.916596289452
12800 2.86 230.499172329409 -10.1784843630544 10.1785185234307 8.00082767059101
12850 2.87 230.44573471533 -10.1881985425712 10.1882418402082 8.05426528467001
12900 2.88 230.35745920629 -10.1986951421659 10.1987503087561 8.14254079371
12950 2.89 230.257837872096 -10.2099968036852 10.2100674421979 8.24216212790401
13000 2.9 230.171243129481 -10.2215778348397 10.2216685127082 8.32875687051899
13050 2.91 230.089572423488 -10.2329830340888 10.2330973389991 8.41042757651201
13100 2.92 230.004111109287 -10.2448098461638 10.2449473806212 8.49588889071299
13150 2.93 229.911084893878 -10.2578907563437 10.258047150122 8.58891510612199
13200 2.94 229.812741570823 -10.2730595494105 10.2732284018033 8.68725842917701
13250 2.95 229.714125769335 -10.2901116357455 10.2902843796629 8.785874230665
13300 2.96 229.618482171641 -10.3069385291974 10.3071055527165 8.88151782835899
13350 2.97 229.524860571494 -10.3212032950488 10.3213592728679 8.975139428506
13400 2.98 229.430893582538 -10.3320530732087 10.3322026106325 9.069106417462
13450 2.99 229.338030110314 -10.3394287429189 10.3395843952705 9.16196988968599
13500 3 229.253063954127 -10.3425965260066 10.3427695963051 9.24693604587301
13550 3.01 229.183738102058 -10.3410057143307 10.3411955244989 9.31626189794201
13600 3.02 229.132696866732 -10.3364245446747 10.3366212046598 9.367303133268
13650 3.03 229.094116998868 -10.3325608563762 10.3327634688032 9.405883001132
13700 3.04 229.058674185541 -10.3315103803477 10.3317301601422 9.44132581445899
13750 3.05 229.021159845921 -10.3330111446516 10.3332599844822 9.47884015407899
13800 3.06 228.954685417118 -10.3364271016189 10.3367122298198 9.54531458288201
13850 3.07 228.870998551402 -10.3423269018637 10.3426464963461 9.62900144859799
13900 3.08 228.808727554899 -10.3503266850706 10.350669966751 9.69127244510099
13950 3.09 228.768531497039 -10.3576669199929 10.3580241791617 9.73146850296101
14000 3.1 228.735394623999 -10.361285566361 10.3616530621933 9.76460537600099
14050 3.11 228.686126055869 -10.3603741784559 10.3607463955045 9.81387394413099
14100 3.12 228.608759711687 -10.3568509188827 10.3572201986303 9.89124028831301
14150 3.13 228.515295466096 -10.3539242173546 10.3542883623814 9.98470453390399
14200 3.14 228.429031964542 -10.3525216411268 10.3528839207864 10.070968035458
14250 3.15 228.365437413931 -10.3518227335659 10.35218526909 10.134562586069
14300 3.16 228.321263346106 -10.3510640867081 10.351425024379 10.178736653894
14350 3.17 228.275873290391 -10.3477713467018 10.3481267338061 10.224126709609
14400 3.18 228.183177097757 -10.3399651248904 10.3403030063516 10.316822902243
14450 3.19 228.116338343344 -10.3289838949065 10.3293000773993 10.383661656656
14500 3.2 228.024783556706 -10.3173756179256 10.3176876177049 10.475216443294
14550 3.21 227.958059510001 -10.3062269615478 10.3065537656793 10.541940489999
14600 3.22 227.840196388143 -10.2947493749766 10.2950950983655 10.659803611857
14650 3.23 227.707538197177 -10.2814415989824 10.2817935382916 10.792461802823
14700 3.24 227.619142649301 -10.2657169054203 10.2660517938454 10.880857350699
14750 3.25 227.587694572263 -10.2484084375781 10.2487062144481 10.912305427737
14800 3.26 227.571044281547 -10.2307037524174 10.2309549077671 10.928955718453
14850 3.27 227.494335136841 -10.2127187420521 10.2129210636511 11.005664863159
14900 3.28 227.409217021594 -10.1932876569155 10.1934473546519 11.090782978406
14950 3.29 227.315741653025 -10.1718126106974 10.1719407474546 11.184258346975
15000 3.3 227.227849666907 -10.1497372012354 10.1498425218429 11.272150333093
15050 3.31 227.159693325456 -10.1303954474436 10.1304833791773 11.340306674544
15100 3.32 227.109172474494 -10.1137698816962 10.1138412446045 11.390827525506
15150 3.33 227.059683922673 -10.0953364252472 10.0953906316121 11.440316077327
15200 3.34 226.994492163893 -10.0713760040413 10.0714166691823 11.505507836107
15250 3.35 226.912261139843 -10.0415103610578 10.0415430202526 11.587738860157
15300 3.36 226.826373718859 -10.0061256379459 10.0061518370533 11.673626281141
15350 3.37 226.751203933847 -9.96548901006685 9.96550420699304 11.748796066153
15400 3.38 226.695024442909 -9.9214342564431 9.92143776614766 11.804975557091
15450 3.39 226.659518364201 -9.87711474532442 9.87712132278381 11.840481635799
15500 3.4 226.636627480095 -9.83563749665225 9.83567654146767 11.863372519905
15550 3.41 226.610047380016 -9.79933486881818 9.79942667123346 11.889952619984
15600 3.42 226.529873416839 -9.76836060836794 9.76849347611727 11.970126583161
15650 3.43 226.414451577861 -9.73962281449161 9.73977329982164 12.085548422139
15700 3.44 226.303259974256 -9.70947684054414 9.70963282466361 12.196740025744
15750 3.45 226.219691446638 -9.67683651556983 9.67699401210187 12.280308553362
15800 3.46 226.171448269748 -9.64154588015774 9.64170442847151 12.328551730252
15850 3.47 226.149573255864 -9.60379849689111 9.60396343798085 12.350426744136
15900 3.48 226.135347094167 -9.56471941171691 9.56489811372791 12.364652905833
15950 3.49 226.106897402753 -9.52619423239569 9.52639483730379 12.393102597247
16000 3.5 226.047255298112 -9.49014802314563 9.4903847415347 12.452744701888
16050 3.51 225.95597882336 -9.45554213223182 9.45582365067917 12.54402117664
16100 3.52 225.853851472509 -9.41688091678948 9.41719994342816 12.646148527491
16150 3.53 225.769382741418 -9.37213846625025 9.37246899882835 12.730617258582
16200 3.54 225.715252251048 -9.32747188900037 9.32777764338499 12.784747748952
16250 3.55 225.67598308377 -9.28809903735134 9.28836219079087 12.82401691623
16300 3.56 225.627428308648 -9.25237721592709 9.25261292445176 12.872571691352
16350 3.57 225.560289238953 -9.21565762866039 9.21589676152233 12.939710761047
16400 3.58 225.480879609372 -9.17458590306803 9.17485614984112 13.019120390628
16450 3.59 225.3995746344 -9.12797692465734 9.12830326649496 13.1004253656
16500 3.6 225.319719515231 -9.07661780603183 9.07701848073001 13.180280484769
16550 3.61 225.235957088169 -9.02348367210362 9.02395179322314 13.264042911831
16600 3.62 225.142262566618 -8.97484126041003 8.97534628700935 13.357737433382
16650 3.63 225.039051450358 -8.93372805780092 8.93423560115688 13.460948549642
16700 3.64 224.934796757804 -8.89623312681881 8.8967217327322 13.565203242196
16750 3.65 224.842337413604 -8.85989684633623 8.86035749878622 13.657662586396
16800 3.66 224.769270589177 -8.82653391944461 8.82697594998598 13.730729410823
16850 3.67 224.709680873485 -8.79590122644898 8.79635228581379 13.790319126515
16900 3.68 224.650825581787 -8.76394529077827 8.7644379619323 13.849174418213
16950 3.69 224.587030428727 -8.72746748079334 8.72802716522093 13.912969571273
17000 3.7 224.525088523991 -8.68576182634331 8.68639471788321 13.974911476009
17050 3.71 224.477293921943 -8.64200099643092 8.64267146914613 14.022706078057
17100 3.72 224.448895999222 -8.60303205640012 8.60368848800642 14.051104000778
17150 3.73 224.432869989722 -8.57259302234469 8.57320168871875 14.067130010278
17200 3.74 224.416458727689 -8.5463990425798 8.54694362408921 14.083541272311
17250 3.75 224.38871084066 -8.51700996137421 8.5174845723901 14.11128915934
17300 3.76 224.343466709969 -8.47920832348465 8.47962456694109 14.156533290031
17350 3.77 224.280241283166 -8.43195320250589 8.43234887998081 14.219758716834
17400 3.78 224.204210838272 -8.38012619601231 8.3805622067093 14.295789161728
17450 3.79 224.124094465304 -8.32963916318875 8.33017101031366 14.375905534696
17500 3.8 224.049497933239 -8.28426716814187 8.28490889132653 14.450502066761
17550 3.81 223.988702760118 -8.24699450981333 8.2477206277901 14.511297239882
17600 3.82 223.945676669093 -8.21520296077667 8.21599832359366 14.554323330907
17650 3.83 223.883012469334 -8.17979015834335 8.18066793505222 14.616987530666
17700 3.84 223.815272339679 -8.13278606562288 8.13377530756648 14.684727660321
17750 3.85 223.763354106392 -8.07293709512861 8.07406204746073 14.736645893608
17800 3.86 223.725660354695 -8.00714665952725 8.00840296209249 14.774339645305
17850 3.87 223.678967878328 -7.94495660636176 7.9463279762674 14.821032121672
17900 3.88 223.60047743896 -7.89098533872774 7.89249286598421 14.89952256104
17950 3.89 223.512541672793 -7.84319107721513 7.84487347592332 14.987458327207
18000 3.9 223.411609346629 -7.79530852673518 7.79717664042774 15.088390653371
18050 3.91 223.303562530321 -7.74173398201636 7.74376737735835 15.196437469679
18100 3.92 223.208353364725 -7.68008046220348 7.68222870631994 15.291646635275
18150 3.93 223.140846355422 -7.61290123973919 7.61510000124867 15.359153644578
18200 3.94 223.095476492419 -7.54662636723679 7.54885716438139 15.404523507581
18250 3.95 223.052401078589 -7.48386118656874 7.48616193089886 15.447598921411
18300 3.96 222.995828160272 -7.42139803206969 7.42379594824908 15.504171839728
18350 3.97 222.917226439478 -7.35605459442046 7.3585496372897 15.582773560522
18400 3.98 222.834159403831 -7.28819363508582 7.29080197216146 15.665840596169
18450 3.99 222.76489629135 -7.21911754084246 7.22190399864377 15.73510370865
18500 4 222.693549164405 -7.14991780985431 7.15302130435812 15.806450835595
18550 4.01 222.610852243051 -7.07976505486728 7.08334925546814 15.889147756949
18600 4.02 222.519798658922 -7.00594536348478 7.01008325467566 15.980201341078
18650 4.03 222.429306936037 -6.92809184123334 6.93269393897354 16.070693063963
18700 4.04 222.344354264949 -6.84921484745 6.85403863393982 16.155645735051
18750 4.05 222.266649901709 -6.77151030138376 6.77632775692523 16.233350098291
18800 4.06 222.198363845107 -6.69583099562288 6.70056769963805 16.301636154893
18850 4.07 222.141072888651 -6.62367203545701 6.62839506984078 16.358927111349
18900 4.08 222.069423894549 -6.5521677634819 6.5570087724979 16.430576105451
18950 4.09 222.003069009184 -6.47563163168208 6.48074350507989 16.496930990816
19000 4.1 221.943060202356 -6.3933213537811 6.39881444091449 16.556939797644
19050 4.11 221.882711978873 -6.3095713168028 6.31542477245893 16.617288021127
19100 4.12 221.818089177747 -6.22735944575387 6.23341828921221 16.681910822253
19150 4.13 221.752437967153 -6.14582876953307 6.1519196201874 16.747562032847
19200 4.14 221.691825673534 -6.06450120360018 6.07054207717291 16.808174326466
19250 4.15 221.639223588163 -5.98394924042522 5.99001929789458 16.860776411837
19300 4.16 221.592779409286 -5.90310060733759 5.90945894361359 16.907220590714
19350 4.17 221.54635140283 -5.82084238870238 5.82776248644129 16.95364859717
19400 4.18 221.492352639915 -5.73868294552942 5.74620814409835 17.007647360085
19450 4.19 221.426298370383 -5.65845470818977 5.66632348895194 17.073701629617
19500 4.2 221.34929495596 -5.58056311745065 5.58832314980531 17.15070504404
19550 4.21 221.269713205951 -5.50326148580563 5.51050275005746 17.230286794049
19600 4.22 221.19984172234 -5.42612482998113 5.43273074632418 17.30015827766
19650 4.23 221.14427659632 -5.35108394966895 5.3572831798665 17.35572340368
19700 4.24 221.093846740144 -5.28016326639364 5.28636904143252 17.406153259856
19750 4.25 221.036389208155 -5.21185179061083 5.21838610221677 17.463610791845
19800 4.26 220.971223045433 -5.14170959681964 5.14862529251521 17.528776954567
19850 4.27 220.910940281139 -5.06725157207097 5.07433168085486 17.589059718861
19900 4.28 220.869333786613 -4.99034546443749 4.99732385675656 17.630666213387
19950 4.29 220.841716570952 -4.91611346108057 4.92300017265004 17.658283429048
20000 4.3 220.778601849792 -4.84948561861945 4.85659006513836 17.721398150208
20050 4.31 220.729060820261 -4.79197677145466 4.79973697093121 17.770939179739
20100 4.32 220.680647112263 -4.7385700402475 4.74730856165803 17.819352887737
20150 4.33 220.619621441734 -4.68070060224659 4.69048899299469 17.880378558266
20200 4.34 220.543976011729 -4.61441847276236 4.62506163554404 17.956023988271
20250 4.35 220.464504889675 -4.54284095851887 4.55395058026009 18.035495110325
20300 4.36 220.39654625472 -4.47092290952209 4.48211846060691 18.10345374528
20350 4.37 220.352322746084 -4.39879404820711 4.40998989012822 18.147677253916
20400 4.38 220.337390679805 -4.32402668324301 4.33551836900712 18.162609320195
20450 4.39 220.346784008171 -4.24646090847127 4.25875822707646 18.153215991829
20500 4.4 220.362644523743 -4.16767614079325 4.18121053069355 18.137355476257
20550 4.41 220.3601804844 -4.08753708967053 4.10244598463654 18.1398195156
20600 4.42 220.32472430509 -4.00738633666584 4.02349305986166 18.17527569491
20650 4.43 220.264388936328 -3.93264379799677 3.94951028246941 18.235611063672
20700 4.44 220.200142811713 -3.86528739393956 3.88240019532397 18.299857188287
20750 4.45 220.144568842247 -3.80255824394501 3.81947002701797 18.355431157753
20800 4.46 220.092194817731 -3.73996501636786 3.75639813094038 18.407805182269
20850 4.47 220.029364956692 -3.67319740111934 3.68932452716408 18.470635043308
20900 4.48 219.949054691978 -3.6019259221548 3.61842542266093 18.550945308022
20950 4.49 219.856008343514 -3.53157232684121 3.54916908400772 18.643991656486
21000 4.5 219.763496570609 -3.4657879789456 3.48477049130136 18.736503429391
21050 4.51 219.686125331673 -3.40342325712448 3.42366229785722 18.813874668327
21100 4.52 219.632907391205 -3.34195253827523 3.36307581551209 18.867092608795
21150 4.53 219.60372229424 -3.27987930018636 3.30137921628221 18.89627770576
21200 4.54 219.589191320864 -3.21866019824542 3.24006132566136 18.910808679136
21250 4.55 219.577457009229 -3.16142318873507 3.18263023961151 18.922542990771
21300 4.56 219.563220663012 -3.10796258418579 3.12939604409986 18.936779336988
21350 4.57 219.544790689383 -3.05413099312637 3.07633300517753 18.955209310617
21400 4.58 219.516962133253 -2.99661668309392 3.01974458006833 18.983037866747
21450 4.59 219.473313300785 -2.93363821916028 2.9575740429066 19.026686699215
21500 4.6 219.412405749731 -2.86456924143992 2.88940878421943 19.087594250269
21550 4.61 219.340915342704 -2.79469545395851 2.82079200188244 19.159084657296
21600 4.62 219.269394672175 -2.73321181303109 2.76100793306045 19.230605327825
21650 4.63 219.204437751563 -2.68243187594258 2.71240197597374 19.295562248437
21700 4.64 219.145776839043 -2.63704006501631 2.66934431100157 19.354223160957
21750 4.65 219.088822963282 -2.59092725290733 2.62526554388032 19.411177036718
21800 4.66 219.029985330958 -2.54112727963262 2.5772182390279 19.470014669042
21850 4.67 218.971129404247 -2.48851098803775 2.52658931709275 19.528870595753
21900 4.68 218.919520628398 -2.43869967411881 2.47947564475572 19.580479371602
21950 4.69 218.882352747863 -2.39582296366576 2.44010417978537 19.617647252137
22000 4.7 218.861826750838 -2.35921708971104 2.40747706664112 19.638173249162
22050 4.71 218.854899705575 -2.3259077200626 2.37799622275264 19.645100294425
22100 4.72 218.856681358626 -2.29192553933269 2.34681211130876 19.643318641374
22150 4.73 218.86212879848 -2.25306870184997 2.30934731358259 19.63787120152
22200 4.74 218.866808792791 -2.20671302770056 2.26373246522357 19.633191207209
22250 4.75 218.868067309375 -2.15435007266341 2.21247658890001 19.631932690625
22300 4.76 218.864141689014 -2.10263775271059 2.16284823923339 19.635858310986
22350 4.77 218.852017069421 -2.05872585369837 2.12206502978126 19.647982930579
22400 4.78 218.826406343813 -2.02445607423056 2.09139340445444 19.673593656187
22450 4.79 218.783065901551 -1.99596823466832 2.06592687786803 19.716934098449
22500 4.8 218.724031533842 -1.96815072917627 2.03991839345344 19.775968466158
22550 4.81 218.658095561541 -1.93758460964623 2.01048658838851 19.841904438459
22600 4.82 218.595094874223 -1.90258706591253 1.97696723318021 19.904905125777
22650 4.83 218.539944563006 -1.86429484729967 1.94148461407021 19.960055436994
22700 4.84 218.492874942389 -1.82747114330422 1.90936514227712 20.007125057611
22750 4.85 218.45407062833 -1.7940586070247 1.88220003076447 20.04592937167
22800 4.86 218.425616432257 -1.76152702602576 1.85646066835683 20.074383567743
22850 4.87 218.409620083084 -1.7258354482844 1.82714889654654 20.090379916916
22900 4.88 218.405623272361 -1.68548569222377 1.79189422202373 20.094376727639
22950 4.89 218.409330908966 -1.64283202092894 1.75266581717771 20.090669091034
23000 4.9 218.414566647462 -1.60137921992517 1.71345409572162 20.085433352538
23050 4.91 218.416480973348 -1.56360467071916 1.6779483029322 20.083519026652
23100 4.92 218.412925693617 -1.52959368151822 1.64711877491934 20.087074306383
23150 4.93 218.403745450023 -1.49793200643573 1.61947634807336 20.096254549977
23200 4.94 218.390200395556 -1.46652887110467 1.59247711199365 20.109799604444
23250 4.95 218.372501144643 -1.43503185700479 1.56530849341739 20.127498855357
23300 4.96 218.347117368676 -1.40606398090134 1.53966610432104 20.152882631324
23350 4.97 218.309820836331 -1.38254678559901 1.51818365003961 20.190179163669
23400 4.98 218.261257033626 -1.36506430854014 1.50235864171938 20.238742966374
23450 4.99 218.207958547795 -1.35149729757376 1.49124092651067 20.292041452205
23500 5 218.158312674048 -1.33861955713302 1.48202530429215 20.341687325952
23550 5.01 218.118477864196 -1.32403727027969 1.47100706911795 20.381522135804
23600 5.02 218.091017190263 -1.30814454111232 1.45660396204635 20.408982809737
23650 5.03 218.074876848907 -1.29405190898419 1.44168562960685 20.425123151093
23700 5.04 218.066447205239 -1.28531420618396 1.43143022815074 20.433552794761
23750 5.05 218.060155204386 -1.28242385390045 1.42766600308748 20.439844795614
23800 5.06 218.04968085428 -1.28217953916959 1.42751561055029 20.45031914572
23850 5.07 218.031229524048 -1.27958179142782 1.42562134098024 20.468770475952
23900 5.08 218.005195325493 -1.27032877178786 1.41681982913424 20.494804674507
23950 5.09 217.975338232561 -1.25350720856363 1.39948030101047 20.524661767439
24000 5.1 217.946008882331 -1.23292159989804 1.37758280808727 20.553991117669
24050 5.11 217.919643052301 -1.21372550107001 1.35750380167135 20.580356947699
24100 5.12 217.897578613595 -1.19790293657199 1.34225353363163 20.602421386405
24150 5.13 217.881088920092 -1.18671410751927 1.33296216709159 20.618911079908
24200 5.14 217.870693117471 -1.18112261241074 1.32947319861716 20.629306882529
24250 5.15 217.866726473479 -1.17911261450979 1.3283504188993 20.633273526521
24300 5.16 217.871761339387 -1.17724164590624 1.32505391918777 20.628238660613
24350 5.17 217.889936196812 -1.17204753969988 1.31661567824563 20.610063803188
24400 5.18 217.922340042089 -1.1604182564705 1.30246652032718 20.577659957911
24450 5.19 217.962620898186 -1.14154997008666 1.28471831700507 20.537379101814
24500 5.2 217.999406218722 -1.11883622579727 1.26707026692251 20.500593781278
24550 5.21 218.023001292468 -1.09689204157474 1.25205222464704 20.476998707532
24600 5.22 218.029244447056 -1.07951582519026 1.24142046055092 20.470755552944
24650 5.23 218.019056005949 -1.06894333626004 1.23622428382219 20.480943994051
24700 5.24 217.99695637837 -1.06354204603333 1.23405720640106 20.50304362163
24750 5.25 217.970062898287 -1.05987955927029 1.23141452940978 20.529937101713
24800 5.26 217.946471012784 -1.05537390971126 1.22671848756963 20.553528987216
24850 5.27 217.931627684262 -1.05012245483027 1.22214531064852 20.568372315738
24900 5.28 217.924792489901 -1.04424808703528 1.21885610692203 20.575207510099
24950 5.29 217.919667752357 -1.03604546000959 1.21420025773932 20.580332247643
25000 5.3 217.909577672686 -1.02475111812969 1.20529526185908 20.590422327314
25050 5.31 217.891989380107 -1.01273199862784 1.19364714676658 20.608010619893
25100 5.32 217.870012378001 -1.00329718392655 1.18373395324168 20.629987621999
25150 5.33 217.851597813177 -0.996476376334681 1.17700972317226 20.648402186823
25200 5.34 217.846101577803 -0.991211901454594 1.17308648332444 20.653898422197
25250 5.35 217.835008662492 -0.988162413906989 1.17262186263003 20.664991337508
25300 5.36 217.838102821842 -0.988639342621375 1.17592240764455 20.661897178158
25350 5.37 217.850055862275 -0.992755706458247 1.18127123930589 20.649944137725
25400 5.38 217.864161647377 -0.999803000290811 1.18744799012995 20.635838352623
25450 5.39 217.877467844271 -1.00812143699583 1.19315027607083 20.622532155729
25500 5.4 217.891934650011 -1.01379739794296 1.19492044128385 20.608065349989
25550 5.41 217.911422041185 -1.01338643106038 1.19027609412276 20.588577958815
25600 5.42 217.937473431334 -1.0069052938084 1.18050043595592 20.562526568666
25650 5.43 217.966847144617 -0.997952584032361 1.17014831270672 20.533152855383
25700 5.44 217.992584390825 -0.991749022061031 1.16476414514564 20.507415609175
25750 5.45 218.007572577869 -0.991036278597234 1.16627341822171 20.492427422131
25800 5.46 218.007411058741 -0.99512343621167 1.17229683578308 20.492588941259
25850 5.47 217.9917767884 -1.00249663897448 1.17982255200369 20.5082232116
25900 5.48 217.965604423783 -1.01007550053523 1.18577298565025 20.534395576217
25950 5.49 217.937259181358 -1.015171453489 1.18843516545997 20.562740818642
26000 5.5 217.913533342312 -1.01895888034155 1.1896736111209 20.586466657688
26050 5.51 217.896146612331 -1.02498226537179 1.193167829863 20.603853387669
26100 5.52 217.884720973465 -1.03532472256798 1.20061191987245 20.615279026535
26150 5.53 217.882144491189 -1.04924025232491 1.21078578993498 20.617855508811
26200 5.54 217.893050674092 -1.0638722067853 1.22092757237211 20.606949325908
26250 5.55 217.896948785962 -1.07444212957095 1.22724666390884 20.603051214038
26300 5.56 217.875989079999 -1.07655428359492 1.22643054285345 20.624010920001
26350 5.57 217.879688982683 -1.06858944172168 1.21800775842364 20.620311017317
26400 5.58 217.876030935443 -1.05384488970884 1.205753976348 20.623969064557
26450 5.59 217.871656351945 -1.03747867601069 1.19390083629539 20.628343648055
26500 5.6 217.878535863145 -1.02355072987964 1.18395619791905 20.621464136855
26550 5.61 217.893063137002 -1.01319551010954 1.17492200985699 20.606936862998
26600 5.62 217.858440601095 -1.00414611526017 1.16393045598531 20.641559398905
26650 5.63 217.828591891881 -0.994389324894859 1.14982648152042 20.671408108119
26700 5.64 217.803061251439 -0.984000239977094 1.1345785560519 20.696938748561
26750 5.65 217.780476508159 -0.974412895322348 1.12162910473226 20.719523491841
26800 5.66 217.762296806375 -0.967076316750026 1.11339682911072 20.737703193625
26850 5.67 217.751459098559 -0.96247664738876 1.10956279871436 20.748540901441
26900 5.68 217.749538340202 -0.95934027897491 1.10714255267499 20.750461659798
26950 5.69 217.753745938971 -0.955685905913575 1.1034288955498 20.746254061029
27000 5.7 217.757381609088 -0.951831898683813 1.09900156480511 20.742618390912
27050 5.71 217.755593036855 -0.949939175832811 1.09601361045773 20.744406963145
27100 5.72 217.749909043346 -0.951161537230857 1.09560565095164 20.750090956654
27150 5.73 217.746191400901 -0.955770659355119 1.09802103357799 20.753808599099
27200 5.74 217.748869157602 -0.963103557532211 1.10268696942291 20.751130842398
27250 5.75 217.757565871775 -0.970173633025131 1.10731335690041 20.742434128225
27300 5.76 217.766234603245 -0.973921227063064 1.10938836554307 20.733765396755
27350 5.77 217.757294036447 -0.973820259050041 1.10835440463686 20.742705963553
27400 5.78 217.750843595248 -0.969470787725056 1.10426439539498 20.749156404752
27450 5.79 217.721740904141 -0.961208695050606 1.09829853315557 20.778259095859
27500 5.8 217.685813412571 -0.952420312524122 1.09351270321084 20.814186587429
27550 5.81 217.652692450209 -0.945877541092414 1.09108655403168 20.847307549791
27600 5.82 217.632285942216 -0.94162869105639 1.08938729468136 20.867714057784
27650 5.83 217.63095663465 -0.940200730642637 1.0890039959617 20.86904336535
27700 5.84 217.648375710692 -0.942998806396276 1.09286453207149 20.851624289308
27750 5.85 217.675931012892 -0.951113277533875 1.10267031301361 20.824068987108
27800 5.86 217.687085339547 -0.963543605165791 1.11660841254804 20.812914660453
27850 5.87 217.646084632461 -0.977932994893903 1.13109271833389 20.853915367539
27900 5.88 217.616199717722 -0.990238381946267 1.1416254762485 20.883800282278
27950 5.89 217.59404727671 -0.996094148527576 1.14446496053299 20.90595272329
28000 5.9 217.573190267113 -0.992884229904795 1.13827283556777 20.926809732887
28050 5.91 217.550063377362 -0.982760907075234 1.12641123510771 20.949936622638
28100 5.92 217.528889100547 -0.972798102155207 1.11589876844759 20.971110899453
28150 5.93 217.52090013391 -0.968497339545604 1.111757119617 20.97909986609
28200 5.94 217.534000484234 -0.971602694605388 1.11561779481784 20.965999515766
28250 5.95 217.5635539901 -0.980385883276338 1.12533021694098 20.9364460099
28300 5.96 217.594799368355 -0.988476499850313 1.13404925738642 20.905200631645
28350 5.97 217.581982896541 -0.989588861594189 1.13533688950087 20.918017103459
28400 5.98 217.561055942676 -0.984903803566715 1.13018889483944 20.938944057324
28450 5.99 217.515158626092 -0.98200191882433 1.12573717607629 20.984841373908
28500 6 217.455858322896 -0.987330901107053 1.12856410815672 21.044141677104
28550 6.01 217.427036830092 -1.00007825168382 1.13835807007023 21.072963169908
28600 6.02 217.432786452671 -1.0147066584289 1.15005852202688 21.067213547329
28650 6.03 217.418483514976 -1.02614695886638 1.15899829581427 21.081516485024
28700 6.04 217.404907312606 -1.03198220820941 1.16294873000489 21.095092687394
28750 6.05 217.421053784663 -1.03147166416143 1.16099378029323 21.078946215337
28800 6.06 217.451464721075 -1.02622390630013 1.15443727075484 21.048535278925
28850 6.07 217.456901102756 -1.01951022569227 1.14620480591796 21.043098897244
28900 6.08 217.43989647023 -1.01518345841702 1.13976468612603 21.06010352977
28950 6.09 217.436455663893 -1.01587389383359 1.13778240956463 21.063544336107
29000 6.1 217.401238769623 -1.02161429889759 1.14110057618721 21.098761230377
29050 6.11 217.383146022868 -1.03136520560705 1.14908633685663 21.116853977132
29100 6.12 217.381244319197 -1.04269294126688 1.15940417292892 21.118755680803
29150 6.13 217.384955869593 -1.05055892145736 1.16763449789519 21.115044130407
29200 6.14 217.397538917293 -1.05069490466525 1.17003460013601 21.102461082707
29250 6.15 217.409035018029 -1.04322223133498 1.16579105375452 21.090964981971
29300 6.16 217.406847919848 -1.03212197579799 1.15672771003173 21.093152080152
29350 6.17 217.361471516544 -1.02292608242435 1.14606353572479 21.138528483456
29400 6.18 217.315230602622 -1.02071577509485 1.13867723058251 21.184769397378
29450 6.19 217.28675611223 -1.0268042102341 1.1380019353356 21.21324388777
29500 6.2 217.27348563896 -1.03785849725902 1.14296733823768 21.22651436104
29550 6.21 217.263879036368 -1.04813680775776 1.1486727104597 21.236120963632
29600 6.22 217.251011809235 -1.05349851839776 1.15076952684633 21.248988190765
29650 6.23 217.238694760509 -1.05512410203333 1.15005557414758 21.261305239491
29700 6.24 217.236380516327 -1.05745999902731 1.15060676489987 21.263619483673
29750 6.25 217.246592137714 -1.06282028491472 1.15412761690782 21.253407862286
29800 6.26 217.2574794076 -1.06838836823165 1.15752468457893 21.2425205924
29850 6.27 217.249546730451 -1.0699107451264 1.15684276424976 21.250453269549
29900 6.28 217.210579953175 -1.06487576178746 1.14996326143237 21.289420046825
29950 6.29 217.146148153763 -1.05368540177913 1.13743668636473 21.353851846237
30000 6.3 217.075508289298 -1.03985186562065 1.12244220158843 21.424491710702
30050 6.31 217.020075452 -1.03015174627123 1.11078481026925 21.479924548
30100 6.32 216.994904466846 -1.03156083976855 1.10828762877482 21.505095533154
30150 6.33 217.003028240887 -1.04539265147784 1.11627460304652 21.496971759113
30200 6.34 217.009939293145 -1.06492381308692 1.12933494726394 21.490060706855
30250 6.35 217.01392951757 -1.08038299013682 1.13898756668634 21.48607048243
30300 6.36 217.025515049694 -1.08588751841661 1.14013576072315 21.474484950306
30350 6.37 217.04160841898 -1.08208093288226 1.13349098477433 21.45839158102
30400 6.38 217.060076700461 -1.0728326404753 1.12291978711168 21.439923299539
30450 6.39 217.060871842723 -1.06334962330829 1.11362337984055 21.439128157277
30500 6.4 217.036537647082 -1.05777476459197 1.10950705255761 21.463462352918
30550 6.41 217.017883358528 -1.05740457160714 1.11135754958511 21.482116641472
30600 6.42 217.006710407475 -1.06029734673694 1.11645573468698 21.493289592525
30650 6.43 217.002782816793 -1.06308061313255 1.12070237851919 21.497217183207
30700 6.44 217.005056694852 -1.0624540977087 1.12050739067791 21.494943305148
30750 6.45 217.01219004368 -1.05764271966711 1.11512134013415 21.48780995632
30800 6.46 217.021652316432 -1.05196168699129 1.10828152271562 21.478347683568
30850 6.47 217.028389009435 -1.0503541461362 1.10585070858402 21.471610990565
30900 6.48 217.026171955085 -1.05507662023791 1.11080363653442 21.473828044915
30950 6.49 217.00996727189 -1.06431181562851 1.12118351530401 21.49003272811
31000 6.5 216.978520805675 -1.07386837491223 1.13227031589414 21.521479194325
31050 6.51 216.935404636951 -1.08143168134305 1.14099508683737 21.564595363049
31100 6.52 216.886780276937 -1.08799954713712 1.14748032719831 21.613219723063
31150 6.53 216.838343656624 -1.09354572092587 1.1510837506443 21.661656343376
31200 6.54 216.792588972198 -1.09789829304737 1.15222776826157 21.707411027802
31250 6.55 216.749147182156 -1.10311852368981 1.15419972135668 21.750852817844
31300 6.56 216.706645388235 -1.11020164116918 1.15875102484965 21.793354611765
31350 6.57 216.664284339506 -1.11703929738405 1.16403252728039 21.835715660494
31400 6.58 216.623921852199 -1.12117348482475 1.16754091733706 21.876078147801
31450 6.59 216.590506868806 -1.12449214832853 1.17046331689117 21.909493131194
31500 6.6 216.569262510821 -1.13017818412374 1.17472655946238 21.930737489179
31550 6.61 216.561573266006 -1.13666953947918 1.17812590929212 21.938426733994
31600 6.62 216.56441301614 -1.13990971955328 1.17746900583499 21.93558698386
31650 6.63 216.572791693201 -1.13945703234629 1.17400425057673 21.927208306799
31700 6.64 216.582662666261 -1.13795827182822 1.17147777837894 21.917337333739
31750 6.65 216.592384469481 -1.13770903481422 1.17203003105626 21.907615530519
31800 6.66 216.602593651189 -1.13904958405133 1.17486261219683 21.897406348811
31850 6.67 216.614585270572 -1.14074423631307 1.17742076873604 21.885414729428
31900 6.68 216.627143109736 -1.14085886998094 1.17682242618627 21.872856890264
31950 6.69 216.635195939588 -1.13914235276014 1.17277483822133 21.864804060412
32000 6.7 216.632630304656 -1.13800426860647 1.16848592406109 21.867369695344
32050 6.71 216.61687938172 -1.14187794299264 1.16956134130293 21.88312061828
32100 6.72 216.591336360975 -1.15250904054633 1.17869855529126 21.908663639025
32150 6.73 216.563758236048 -1.16700609451352 1.19322476559928 21.936241763952
32200 6.74 216.542816601143 -1.18011714348418 1.20737968138961 21.957183398857
32250 6.75 216.533606993001 -1.18731717108622 1.21586619084681 21.966393006999
32300 6.76 216.535071228314 -1.18685203431789 1.21632936339511 21.964928771686
32350 6.77 216.541488766396 -1.18076159701625 1.2106519289606 21.958511233604
32400 6.78 216.545461693012 -1.17337457842143 1.20336648808932 21.954538306988
32450 6.79 216.541020507987 -1.16855618202761 1.1986773913472 21.958979492013
32500 6.8 216.527066577516 -1.1689155531794 1.19925579329321 21.972933422484
32550 6.81 216.508748977911 -1.17441077915771 1.20482029899028 21.991251022089
32600 6.82 216.494477704366 -1.1821544863029 1.21208784375018 22.005522295634
32650 6.83 216.489411002568 -1.18963577841783 1.21829820298673 22.010588997432
32700 6.84 216.492218153872 -1.19741955111731 1.2242473711026 22.007781846128
32750 6.85 216.496769495505 -1.20759268790733 1.23272129740517 22.003230504495
32800 6.86 216.495929512386 -1.21966128898624 1.24354265373246 22.004070487614
32850 6.87 216.484057105919 -1.23079296100742 1.25371854485164 22.015942894081
32900 6.88 216.45995045949 -1.23789503242904 1.25997594891841 22.04004954051
32950 6.89 216.42827645796 -1.23953912735081 1.26077668233525 22.07172354204
33000 6.9 216.397302806962 -1.23663732714698 1.25697086403823 22.102697193038
33050 6.91 216.374711531862 -1.23215091929396 1.25158412162758 22.125288468138
33100 6.92 216.364299537384 -1.22972864167119 1.24837317576086 22.135700462616
33150 6.93 216.364234338049 -1.2328340558728 1.25080830661351 22.135765661951
33200 6.94 216.367229761389 -1.2415057109251 1.25866735797166 22.132770238611
33250 6.95 216.36454236519 -1.25227686276531 1.26820221989245 22.13545763481
33300 6.96 216.352038572853 -1.26112175198794 1.27534268476093 22.147961427147
33350 6.97 216.332227622112 -1.26609996051583 1.27849046989134 22.167772377888
33400 6.98 216.309779159709 -1.26798879997944 1.2788535967446 22.190220840291
33450 6.99 216.28654048598 -1.26862298094694 1.27840485183406 22.21345951402
33500 7 216.261655432838 -1.26954635412623 1.27858199190045 22.238344567162
33550 7.01 216.235005763798 -1.27125457108115 1.27982542552373 22.264994236202
33600 7.02 216.209750477826 -1.27259503579657 1.28099547773616 22.290249522174
33650 7.03 216.191384733732 -1.27300459672717 1.281520683268 22.308615266268
33700 7.04 216.182813208665 -1.27469572432796 1.28354990512125 22.317186791335
33750 7.05 216.179883646154 -1.2787006562655 1.28802445288841 22.320116353846
33800 7.06 216.172419589281 -1.28284168619363 1.29262678845465 22.327580410719
33850 7.07 216.150413367488 -1.28409703436073 1.29412746863171 22.349586632512
33900 7.08 216.113025039138 -1.28253256556152 1.29236027161276 22.386974960862
33950 7.09 216.071723529226 -1.28065976047878 1.28991180903772 22.428276470774
34000 7.1 216.041702852933 -1.27908744075061 1.28771682569324 22.458297147067
34050 7.11 216.030519506359 -1.27828231675731 1.28648296880915 22.469480493641
34100 7.12 216.034161204119 -1.28076669458922 1.28870661198946 22.465838795881
34150 7.13 216.041305885496 -1.28731639998619 1.295037838547 22.458694114504
34200 7.14 216.041368879624 -1.29463393489174 1.30206742271068 22.458631120376
34250 7.15 216.029881867181 -1.29890071620888 1.30597657539376 22.470118132819
34300 7.16 216.009701393287 -1.29838910879052 1.30519558821974 22.490298606713
34350 7.17 215.988673760803 -1.2932899152705 1.29994792506622 22.511326239197
34400 7.18 215.97553003453 -1.28607160567108 1.29261664288837 22.52446996547
34450 7.19 215.974629835724 -1.27931019149841 1.28576923344726 22.525370164276
34500 7.2 215.983489064451 -1.2745569997605 1.28091346907512 22.516510935549
34550 7.21 215.995888295888 -1.27254614541144 1.27872980662654 22.504111704112
34600 7.22 216.005720926396 -1.27288714964527 1.27893161020381 22.494279073604
34650 7.23 216.008753553604 -1.27440215453512 1.28049231243109 22.491246446396
34700 7.24 216.002396329848 -1.27606736372356 1.28249292637342 22.497603670152
34750 7.25 215.986242511907 -1.27683059864231 1.28386051451042 22.513757488093
34800 7.26 215.963886347131 -1.27685100266966 1.28455247283369 22.536113652869
34850 7.27 215.941484468506 -1.27757662822676 1.28574691210913 22.558515531494
34900 7.28 215.923888303043 -1.27937921557054 1.28774003281928 22.576111696957
34950 7.29 215.913014611587 -1.28038304772724 1.2888252841836 22.586985388413
35000 7.3 215.908776463776 -1.27986141609955 1.28834648221255 22.591223536224
35050 7.31 215.909719190916 -1.27985083374129 1.28821988397787 22.590280809084
35100 7.32 215.912770041892 -1.28291077914479 1.29082152964992 22.587229958108
35150 7.33 215.913496405952 -1.2896416948992 1.29670144020912 22.586503594048
35200 7.34 215.910395102363 -1.29874852370329 1.30464184018498 22.589604897637
35250 7.35 215.907444478589 -1.30859673479559 1.31328866361528 22.592555521411
35300 7.36 215.909993196272 -1.31825207128816 1.32198437776489 22.590006803728
35350 7.37 215.921351344878 -1.32525399563049 1.3283820731158 22.578648655122
35400 7.38 215.94122959892 -1.32668057561003 1.32953149609129 22.55877040108
35450 7.39 215.950416619294 -1.32182336686492 1.32461688256802 22.549583380706
35500 7.4 215.951795317947 -1.31309771183128 1.31588922943579 22.548204682053
35550 7.41 215.963213455569 -1.30568621202126 1.30841110096143 22.536786544431
35600 7.42 215.934736229125 -1.30334379655411 1.3059665741265 22.565263770875
35650 7.43 215.888837353879 -1.30475062241049 1.30736324299919 22.611162646121
35700 7.44 215.849251313844 -1.30719306821035 1.30996932918644 22.650748686156
35750 7.45 215.827319701769 -1.31095812074219 1.31404562402281 22.672680298231
35800 7.46 215.818724147229 -1.31698938771425 1.32040353028969 22.681275852771
35850 7.47 215.811478066852 -1.32419699561496 1.32775134982746 22.688521933148
35900 7.48 215.797305281136 -1.33046515948259 1.33378537255308 22.702694718864
35950 7.49 215.775392287914 -1.33317850785848 1.33594054383324 22.724607712086
36000 7.5 215.749305206974 -1.33105699726116 1.3332106661747 22.750694793026
36050 7.51 215.722944789613 -1.32660626805796 1.3283068012283 22.777055210387
36100 7.52 215.697556242904 -1.3234385829791 1.3248824872181 22.802443757096
36150 7.53 215.67154492749 -1.32237918824668 1.32371789778223 22.82845507251
36200 7.54 215.644164249416 -1.32228609987275 1.32360711909987 22.855835750584
36250 7.55 215.618518503501 -1.32076657019113 1.32215483691179 22.881481496499
36300 7.56 215.598107623945 -1.31352389774111 1.31512575994011 22.901892376055
36350 7.57 215.582652342542 -1.29728737500376 1.29921700841444 22.917347657458
36400 7.58 215.568246076816 -1.27403175785021 1.2762117193497 22.931753923184
36450 7.59 215.551011337658 -1.25142244232493 1.2536082768736 22.948988662342
36500 7.6 215.529065951091 -1.23696307687087 1.23894587717554 22.970934048909
36550 7.61 215.502085173522 -1.23262902263454 1.23433411441863 22.997914826478
36600 7.62 215.471451057755 -1.23636120312954 1.23774066489691 23.028548942245
36650 7.63 215.439311616084 -1.24470858322368 1.24577890469072 23.060688383916
36700 7.64 215.406176048772 -1.25498785526833 1.25585760771152 23.093823951228
36750 7.65 215.369842860377 -1.26528718444629 1.26604477119578 23.130157139623
36800 7.66 215.32754015381 -1.27239887209752 1.2730894025861 23.17245984619
36850 7.67 215.279439397803 -1.27404073418622 1.27471857720278 23.220560602197
36900 7.68 215.232137072664 -1.27297635995206 1.27367139479235 23.267862927336
36950 7.69 215.198211937793 -1.27317470061338 1.27387037536184 23.301788062207
37000 7.7 215.187536251811 -1.27538570174987 1.27605555534674 23.312463748189
37050 7.71 215.198988833647 -1.27715369301065 1.27777948805023 23.301011166353
37100 7.72 215.222164795347 -1.27670234748386 1.27722346089979 23.277835204653
37150 7.73 215.244938437041 -1.27408307101762 1.27442125707245 23.255061562959
37200 7.74 215.260368616236 -1.27000582596921 1.27016115171135 23.239631383764
37250 7.75 215.26787768092 -1.26668538338367 1.26672559322503 23.23212231908
37300 7.76 215.269980684218 -1.26600051235625 1.26600681536395 23.230019315782
37350 7.77 215.270372996517 -1.26611978222789 1.26616269302449 23.229627003483
37400 7.78 215.273262339903 -1.2642635504175 1.26438704540783 23.226737660097
37450 7.79 215.281873471238 -1.25886320040676 1.25907901051425 23.218126528762
37500 7.8 215.29621061542 -1.24937808167149 1.24967691258597 23.20378938458
37550 7.81 215.31350290979 -1.23756575820265 1.23791422618953 23.18649709021
37600 7.82 215.330734490397 -1.22644660389895 1.22681048017463 23.169265509603
37650 7.83 215.346287355962 -1.21634399672144 1.21670631362595 23.153712644038
37700 7.84 215.358434843595 -1.20520517995215 1.20555913073951 23.141565156405
37750 7.85 215.362523354773 -1.19264704594459 1.19306611457293 23.137476645227
37800 7.86 215.351572119546 -1.18068585777761 1.18130823109688 23.148427880454
37850 7.87 215.324896676596 -1.17146954636118 1.17234167223817 23.175103323404
37900 7.88 215.293294115179 -1.1654740527457 1.16650401676888 23.206705884821
37950 7.89 215.268314134907 -1.16238822715817 1.16346447435835 23.231685865093
38000 7.9 215.250324932345 -1.16043318211184 1.16148600835662 23.249675067655
38050 7.91 215.231914605348 -1.15756018295814 1.15861111290616 23.268085394652
38100 7.92 215.206045419742 -1.15418648469063 1.15540479010768 23.293954580258
38150 7.93 215.168943459642 -1.15046443482735 1.1521461159378 23.331056540358
38200 7.94 215.119940788876 -1.14357435906334 1.14597607526275 23.380059211124
38250 7.95 215.064818005983 -1.1327879102782 1.13591048599194 23.435181994017
38300 7.96 215.016751850954 -1.12043050292841 1.12406048200838 23.483248149046
38350 7.97 214.988811813161 -1.10718714656015 1.11113057812815 23.511188186839
38400 7.98 214.985833684612 -1.09248981834397 1.09659870888089 23.514166315388
38450 7.99 215.0009869262 -1.07764259595315 1.08175687686995 23.4990130738
38500 8 215.019568285034 -1.06483162371937 1.06878010920299 23.480431714966
38550 8.01 215.026587986375 -1.05424319307997 1.05789325116193 23.473412013625
38600 8.02 215.013123172876 -1.04506213690692 1.04839919200961 23.486876827124
38650 8.03 214.98024086403 -1.03751301946215 1.04067807995796 23.51975913597
38700 8.04 214.937787690327 -1.03213307939731 1.03530630476537 23.562212309673
38750 8.05 214.899347315222 -1.02846636405226 1.03182729483278 23.600652684778
38800 8.06 214.876991995374 -1.02666847877543 1.03037764126681 23.623008004626
38850 8.07 214.875008544738 -1.02552931529719 1.02968400447021 23.624991455262
38900 8.08 214.887466603834 -1.02298590927391 1.02760800752619 23.612533396166
38950 8.09 214.902852969833 -1.01950616876144 1.02463217959259 23.597147030167
39000 8.1 214.910353945308 -1.01571077877333 1.02139603383618 23.589646054692
39050 8.11 214.904085896154 -1.00943184680481 1.01561008885546 23.595914103846
39100 8.12 214.884581933246 -0.998422419472174 1.00488626180374 23.615418066754
39150 8.13 214.858309620802 -0.983842497361382 0.990263301964439 23.641690379198
39200 8.14 214.831653650628 -0.969720288291026 0.975809765013674 23.668346349372
39250 8.15 214.804576535948 -0.960832034683215 0.966584507560808 23.695423464052
39300 8.16 214.772933433816 -0.959153345666648 0.964858840229296 23.727066566184
39350 8.17 214.73397362397 -0.962897477794897 0.96898087115518 23.76602637603
39400 8.18 214.688491142983 -0.967346586064079 0.974234895463245 23.811508857017
39450 8.19 214.64056106362 -0.966181650168205 0.974150202832443 23.85943893638
39500 8.2 214.598079220274 -0.956225924100198 0.965286658476111 23.901920779726
39550 8.21 214.571810295221 -0.941719683130752 0.951587976236221 23.928189704779
39600 8.22 214.569335545129 -0.930037551372424 0.940210659105392 23.930664454871
39650 8.23 214.587734289912 -0.925272289099002 0.935337200544308 23.912265710088
39700 8.24 214.614121363593 -0.926175222947036 0.936172333509679 23.885878636407
39750 8.25 214.634867749861 -0.928587324839243 0.939022208164107 23.865132250139
39800 8.26 214.645921772285 -0.928610474525761 0.939985407516121 23.854078227715
39850 8.27 214.654745690645 -0.925741288596465 0.938167778707201 23.845254309355
39900 8.28 214.671227383951 -0.921322655258805 0.934522582546429 23.828772616049
39950 8.29 214.698999431992 -0.917221204059974 0.930948346792487 23.801000568008
40000 8.3 214.7325638848 -0.9156036361781 0.929835909915727 23.7674361152
40050 8.31 214.759383533709 -0.917464503724375 0.932141389227527 23.740616466291
40100 8.32 214.768596871791 -0.922550654768124 0.937504500348985 23.731403128209
40150 8.33 214.76013547161 -0.927626584198295 0.942715164833189 23.73986452839
40200 8.34 214.746222851149 -0.928027094630231 0.943292362799169 23.753777148851
40250 8.35 214.743089129999 -0.921134550674191 0.936807225472874 23.756910870001
40300 8.36 214.758318816977 -0.909662273417089 0.926049826014685 23.741681183023
40350 8.37 214.78142818842 -0.899198629204638 0.916436645351501 23.71857181158
40400 8.38 214.792256150617 -0.892118410192381 0.910011455516478 23.707743849383
40450 8.39 214.778822636484 -0.888371265803749 0.906418730413466 23.721177363516
40500 8.4 214.745579990365 -0.887311672547695 0.904973543800147 23.754420009635
40550 8.41 214.708690527192 -0.888702917191159 0.905674808215177 23.791309472808
40600 8.42 214.685773001114 -0.891403392449909 0.907700225947796 23.814226998886
40650 8.43 214.68605820297 -0.893619752890174 0.909738162582676 23.81394179703
40700 8.44 214.702708335192 -0.894026303320818 0.910880553615245 23.797291664808
40750 8.45 214.715753742832 -0.892058056956614 0.910534417674089 23.784246257168
40800 8.46 214.705529744247 -0.888245361611977 0.90897911749295 23.794470255753
40850 8.47 214.667232963493 -0.883250751372034 0.906580687767341 23.832767036507
40900 8.48 214.614379892284 -0.878796597804692 0.90451438897751 23.885620107716
40950 8.49 214.569625395731 -0.877234934318961 0.904624221112076 23.930374604269
41000 8.5 214.552524784974 -0.879945098867688 0.908316084053024 23.947475215026
41050 8.51 214.570509361315 -0.884993583543889 0.91426467749242 23.929490638685
41100 8.52 214.614241581743 -0.889148172302279 0.919684170603409 23.885758418257
41150 8.53 214.65806596244 -0.891521745554752 0.923733042911128 23.84193403756
41200 8.54 214.669593441187 -0.89411024125221 0.928233213121952 23.830406558813
41250 8.55 214.632774828649 -0.897449466317657 0.933516067544017 23.867225171351
41300 8.56 214.565491430663 -0.89900480071941 0.937183699868508 23.934508569337
41350 8.57 214.504234359143 -0.8981895802892 0.93903598852361 23.995765640857
41400 8.58 214.476141820258 -0.897634592332328 0.941710032118684 24.023858179742
41450 8.59 214.48288425807 -0.898420783343255 0.945537913149204 24.01711574193
41500 8.6 214.505952510008 -0.899534357414476 0.948635986377002 23.994047489992
41550 8.61 214.523955974009 -0.900246801709513 0.950088478457955 23.976044025991
41600 8.62 214.524909158431 -0.902280179731826 0.951836495380255 23.975090841569
41650 8.63 214.509135834261 -0.906604141744834 0.955314637259311 23.990864165739
41700 8.64 214.486616476843 -0.911937770621779 0.960230772438046 24.013383523157
41750 8.65 214.469070588122 -0.916771449530803 0.966097909314839 24.030929411878
41800 8.66 214.460793219837 -0.920684054975162 0.972642366237321 24.039206780163
41850 8.67 214.456671122653 -0.922288100847298 0.977524997741725 24.043328877347
41900 8.68 214.448628158017 -0.920126995702212 0.978029571436159 24.051371841983
41950 8.69 214.433158745357 -0.915009817563938 0.974166810130944 24.066841254643
42000 8.7 214.412920448873 -0.910045636666756 0.969143790707063 24.087079551127
42050 8.71 214.394113959123 -0.908025115279809 0.966387602053356 24.105886040877
42100 8.72 214.383609169533 -0.90789513203633 0.965072887590311 24.116390830467
42150 8.73 214.38568458546 -0.907366065078128 0.962884701346975 24.11431541454
42200 8.74 214.399812229895 -0.906538135420576 0.960281133887157 24.100187770105
42250 8.75 214.421002046887 -0.90742847495938 0.959868178387017 24.078997953113
42300 8.76 214.44109433221 -0.910204421762277 0.962382704813546 24.05890566779
42350 8.77 214.451609574277 -0.912482977462396 0.965624762219699 24.048390425723
42400 8.78 214.446375672057 -0.911854881454763 0.966772047693975 24.053624327943
42450 8.79 214.422773340297 -0.908816101088945 0.965551652393755 24.077226659703
42500 8.8 214.383004226252 -0.906305349530667 0.963897981958563 24.116995773748
42550 8.81 214.334124302435 -0.906932151322704 0.963681045753835 24.165875697565
42600 8.82 214.286515344265 -0.910676586452782 0.964978288342661 24.213484655735
42650 8.83 214.250542608914 -0.914848200529816 0.966508580223533 24.249457391086
42700 8.84 214.231547314302 -0.917007125668907 0.967494923917911 24.268452685698
42750 8.85 214.227705330808 -0.918002712457946 0.969645967921855 24.272294669192
42800 8.86 214.234786528116 -0.920777282652894 0.97524679752019 24.265213471884
42850 8.87 214.251375588502 -0.926480051058175 0.983705374637819 24.248624411498
42900 8.88 214.277096386959 -0.934799658780735 0.992733223993768 24.222903613041
42950 8.89 214.307393773352 -0.945026967048538 1.00112434220572 24.192606226648
43000 8.9 214.332664360556 -0.955448871097129 1.00866630826535 24.167335639444
43050 8.91 214.341791573699 -0.963854692603626 1.01525667054008 24.158208426301
43100 8.92 214.326594545895 -0.969346905298798 1.02103327342517 24.173405454105
43150 8.93 214.287080743369 -0.971938196240713 1.02547904080647 24.212919256631
43200 8.94 214.235309701998 -0.972115852124977 1.02742588256954 24.264690298002
43250 8.95 214.190069095074 -0.970521217263767 1.02624521776297 24.309930904926
43300 8.96 214.165838718892 -0.968758395897163 1.02374541277642 24.334161281108
43350 8.97 214.164037631696 -0.968247374684535 1.02218384021733 24.335962368304
43400 8.98 214.172617459795 -0.969287403803759 1.02238942800726 24.327382540205
43450 8.99 214.17600152742 -0.972237288636001 1.02501122720863 24.32399847258
43500 9 214.169247541285 -0.976799578563463 1.02995784943409 24.330752458715
43550 9.01 214.162683622504 -0.980359431327842 1.03454255726076 24.337316377496
43600 9.02 214.170371360908 -0.979954297016493 1.03532830303907 24.329628639092
43650 9.03 214.196848705057 -0.975898805860989 1.03241814628643 24.303151294943
43700 9.04 214.23315484769 -0.971463609946825 1.02948443947779 24.26684515231
43750 9.05 214.260719258103 -0.971384159128008 1.03145174491641 24.239280741897
43800 9.06 214.261206465089 -0.978280703818472 1.04012427616009 24.238793534911
43850 9.07 214.227565455808 -0.989903402214139 1.05252992460674 24.272434544192
43900 9.08 214.170400362816 -1.00164489263637 1.06422978665202 24.329599637184
43950 9.09 214.114529839738 -1.00982457514546 1.07247505295704 24.385470160262
44000 9.1 214.085229791681 -1.01350598533548 1.07712431441201 24.414770208319
44050 9.11 214.091891094521 -1.01298573788934 1.07864696414743 24.408108905479
44100 9.12 214.121166995551 -1.0096876218535 1.07780501950677 24.378833004449
44150 9.13 214.146186981367 -1.00588000400615 1.07547678257169 24.353813018633
44200 9.14 214.145187909028 -1.00270465859016 1.07177301716398 24.354812090972
44250 9.15 214.115125068776 -1.00088902731881 1.06763649621204 24.384874931224
44300 9.16 214.069269543026 -1.00197988211755 1.06613379890888 24.430730456974
44350 9.17 214.025613441077 -1.00547214189084 1.06824529065932 24.474386558923
44400 9.18 213.996452840085 -1.00736950082622 1.07038904514546 24.503547159915
44450 9.19 213.981572591687 -1.00474309560918 1.06861851053216 24.518427408313
44500 9.2 213.967092282896 -0.998469407898841 1.06229932532563 24.532907717104
44550 9.21 213.934321251955 -0.990846999583673 1.05296483742908 24.565678748045
44600 9.22 213.877575854375 -0.983228800068974 1.04209072952651 24.622424145625
44650 9.23 213.811395892688 -0.975223451972455 1.02999836285872 24.688604107312
44700 9.24 213.756737784401 -0.966101895379421 1.0171555732103 24.743262215599
44750 9.25 213.724960081936 -0.955223251738432 1.0040452419779 24.775039918064
44800 9.26 213.712947866738 -0.943214642216886 0.991807403939259 24.787052133262
44850 9.27 213.71002738039 -0.932987701392387 0.982861911422391 24.78997261961
44900 9.28 213.708229829239 -0.928302232488305 0.979587084823865 24.791770170761
44950 9.29 213.706769034324 -0.929100856385939 0.980672002500148 24.793230965676
45000 9.3 213.708278571395 -0.932025403729012 0.982571627708909 24.791721428605
45050 9.31 213.712870215195 -0.933370869876089 0.982229089338578 24.787129784805
45100 9.32 213.715661775953 -0.931328490122725 0.97854304929458 24.784338224047
45150 9.33 213.709720542426 -0.927124244620816 0.972927716038142 24.790279457574
45200 9.34 213.692390985933 -0.923701603434158 0.968218002398559 24.807609014067
45250 9.35 213.669637064839 -0.923898185151645 0.967284075596914 24.830362935161
45300 9.36 213.65261547913 -0.927449642117748 0.969616355810904 24.84738452087
45350 9.37 213.650742036765 -0.930319873291133 0.970659073004534 24.849257963235
45400 9.38 213.66675724867 -0.928318162108402 0.966138122262964 24.83324275133
45450 9.39 213.695296575888 -0.921236261592862 0.956373575254821 24.804703424112
45500 9.4 213.724759499662 -0.912079625964194 0.944930296873697 24.775240500338
45550 9.41 213.741087285613 -0.904767950854039 0.935725267856786 24.758912714387
45600 9.42 213.734572784304 -0.900804519468052 0.930396644999847 24.765427215696
45650 9.43 213.708141085606 -0.899084339141439 0.928229425898981 24.791858914394
45700 9.44 213.677513986769 -0.895897795812954 0.925358985846138 24.822486013231
45750 9.45 213.661218059957 -0.887447239530115 0.917205349504121 24.838781940043
45800 9.46 213.669729583368 -0.872804026727964 0.902012176883454 24.830270416632
45850 9.47 213.702421464211 -0.855525761857784 0.88319485790377 24.797578535789
45900 9.48 213.750275155425 -0.840726414970703 0.866296212776998 24.749724844575
45950 9.49 213.795339705646 -0.831467252090694 0.855092155706802 24.704660294354
46000 9.5 213.816293654303 -0.828752132982707 0.851264212851845 24.683706345697
46050 9.51 213.806243219475 -0.830770672298625 0.85289508757651 24.693756780525
46100 9.52 213.779283998872 -0.833126310769626 0.855028176364539 24.720716001128
46150 9.53 213.754845405642 -0.833356258343549 0.854893126275883 24.745154594358
46200 9.54 213.743292537676 -0.831648662658595 0.852635984982334 24.756707462324
46250 9.55 213.745314228559 -0.827616345141741 0.847952729776529 24.754685771441
46300 9.56 213.755991227251 -0.820997285854052 0.84074518635993 24.744008772749
46350 9.57 213.765999063673 -0.814379055036157 0.833867868798421 24.734000936327
46400 9.58 213.763700108879 -0.8110145633023 0.830978635429954 24.736299891121
46450 9.59 213.743211329382 -0.811596908428976 0.83304408117331 24.756788670618
46500 9.6 213.710744782707 -0.81497695446593 0.838658933194965 24.789255217293
46550 9.61 213.676953483568 -0.821040393490962 0.84680691435158 24.823046516432
46600 9.62 213.647252718075 -0.82999786899366 0.856703764584379 24.852747281925
46650 9.63 213.620901271449 -0.840345662149866 0.866585511442072 24.879098728551
46700 9.64 213.595886287809 -0.849794760582799 0.874546620033357 24.904113712191
46750 9.65 213.573804817344 -0.855949512603153 0.87892679519013 24.926195182656
46800 9.66 213.56037476915 -0.857216396791228 0.879103495351953 24.93962523085
46850 9.67 213.559877479585 -0.854991470923974 0.877022905109844 24.940122520415
46900 9.68 213.569141559696 -0.851071474799254 0.874198475189528 24.930858440304
46950 9.69 213.579154010894 -0.845715265145292 0.870219939994164 24.920845989106
47000 9.7 213.581014841749 -0.840174087820963 0.865774491657192 24.918985158251
47050 9.71 213.568978361595 -0.839202476298725 0.865368771850161 24.931021638405
47100 9.72 213.541814782944 -0.845961724683722 0.872190395645112 24.958185217056
47150 9.73 213.504916389444 -0.857560709372896 0.883455343208453 24.995083610556
47200 9.74 213.468646236941 -0.867514931615114 0.892949594299262 25.031353763059
47250 9.75 213.442118612562 -0.871609753329251 0.896820480364938 25.057881387438
47300 9.76 213.427311022003 -0.868780717093448 0.894351081263984 25.072688977997
47350 9.77 213.417309984666 -0.860789105131957 0.887565891201553 25.082690015334
47400 9.78 213.399883967959 -0.851408579489334 0.879599587419672 25.100116032041
47450 9.79 213.366089436301 -0.843614240807204 0.872320149451905 25.133910563699
47500 9.8 213.320016856575 -0.840027777350506 0.867800024032908 25.179983143425
47550 9.81 213.278171330256 -0.841535534072897 0.867463811520092 25.221828669744
47600 9.82 213.257951423141 -0.847124791270021 0.871348416785422 25.242048576859
47650 9.83 213.269545165443 -0.853186861519023 0.876598601250064 25.230454834557
47700 9.84 213.312369619377 -0.856277369498845 0.87972863471289 25.187630380623
47750 9.85 213.373679289175 -0.855677370867506 0.879433244450845 25.126320710825
47800 9.86 213.432125757352 -0.853128696900427 0.876888038246526 25.067874242648
47850 9.87 213.467681579508 -0.850766819208305 0.874008307745876 25.032318420492
47900 9.88 213.474274029192 -0.850733104947847 0.872971452224455 25.025725970808
47950 9.89 213.461497772409 -0.85304939878432 0.87388207177459 25.038502227591
48000 9.9 213.443772168039 -0.855023540653391 0.874256060231975 25.056227831961
48050 9.91 213.429154227556 -0.854657642497661 0.872389655799463 25.070845772444
48100 9.92 213.417316554308 -0.852324968506991 0.86901840979148 25.082683445692
48150 9.93 213.403863157304 -0.849292076991801 0.865608411170439 25.096136842696
48200 9.94 213.386645783636 -0.846189099056007 0.862913994338129 25.113354216364
48250 9.95 213.367889063175 -0.843977993684683 0.86186157726191 25.132110936825
48300 9.96 213.351143709667 -0.844139655765589 0.863663960212859 25.148856290333
48350 9.97 213.337645687507 -0.846881047297001 0.867989597917719 25.162354312493
48400 9.98 213.326054929049 -0.851297989955459 0.873091051233926 25.173945070951
48450 9.99 213.31459055362 -0.856991011678115 0.878070889522552 25.18540944638
48500 10 213.302748718993 -0.863752753607506 0.883314978956891 25.197251281007
48550 10.01 213.292268272058 -0.870136467281787 0.888553984481682 25.207731727942
48600 10.02 213.285556628082 -0.87456274223852 0.892655529388074 25.214443371918
48650 10.03 213.282867041279 -0.877896563444955 0.896338255717334 25.217132958721
48700 10.04 213.28051979694 -0.881846889672853 0.900904677921722 25.21948020306
48750 10.05 213.273293631756 -0.886103609863183 0.905496439856659 25.226706368244
48800 10.06 213.258765610137 -0.889101300279691 0.908297185610078 25.241234389863
48850 10.07 213.238733532995 -0.889601570808059 0.908278812044294 25.261266467005
48900 10.08 213.217976302002 -0.886305597283618 0.904718708193311 25.282023697998
48950 10.09 213.20146726267 -0.878922082455937 0.897872198617493 25.29853273733
49000 10.1 213.192346857246 -0.868315096537125 0.888686599183567 25.307653142754
49050 10.11 213.190662454674 -0.856672440750512 0.878908160593294 25.309337545326
49100 10.12 213.190575268605 -0.847125482029126 0.870878033733149 25.309424731395
49150 10.13 213.181112254806 -0.841321053240366 0.865398180640751 25.318887745194
49200 10.14 213.156856609337 -0.838219888572991 0.860944130483623 25.343143390663
49250 10.15 213.125951721817 -0.834690809265575 0.854627606600688 25.374048278183
49300 10.16 213.106210677445 -0.828072214599569 0.844890780102621 25.393789322555
49350 10.17 213.113375299665 -0.818315399775259 0.832959952647721 25.386624700335
49400 10.18 213.151050768029 -0.808976205090745 0.82307184468325 25.348949231971
49450 10.19 213.207130025098 -0.803438770424097 0.818681135859229 25.292869974902
49500 10.2 213.229541727595 -0.801925840110531 0.819723931885853 25.270458272405
49550 10.21 213.229274415651 -0.801808399891318 0.822878540516524 25.270725584349
49600 10.22 213.253529528396 -0.801746882327987 0.826020763667822 25.246470471604
49650 10.23 213.209239725026 -0.800873773927604 0.827742444656332 25.290760274974
49700 10.24 213.167184414243 -0.797878850945235 0.826451675830701 25.332815585757
49750 10.25 213.143917326816 -0.791928857385013 0.821368589609602 25.356082673184
49800 10.26 213.140108722457 -0.781818760271572 0.811795562639632 25.359891277543
49850 10.27 213.144382048905 -0.767453901016279 0.798137143314195 25.355617951095
49900 10.28 213.139645971846 -0.752373962133128 0.783909343434863 25.360354028154
49950 10.29 213.111349506813 -0.741265611811769 0.773348466025463 25.388650493187
50000 10.3 213.060161157323 -0.735494279082696 0.767679356496309 25.439838842677
50050 10.31 213.004172795689 -0.733505080505289 0.765456980453681 25.495827204311
50100 10.32 212.964106506295 -0.73324011837714 0.76479351500326 25.535893493705
50150 10.33 212.94825810922 -0.733826388577202 0.76505406825229 25.55174189078
50200 10.34 212.950042394255 -0.735531005669349 0.766519082989575 25.549957605745
50250 10.35 212.957496887597 -0.738755031219059 0.769128993026122 25.542503112403
50300 10.36 212.963416570538 -0.743713310589252 0.772695737643505 25.536583429462
50350 10.37 212.968596333744 -0.748906623105006 0.776185371536912 25.531403666256
50400 10.38 212.979619353424 -0.75133811270131 0.777394977746303 25.520380646576
50450 10.39 213.003875389586 -0.749341697633333 0.77483837838325 25.496124610414
50500 10.4 213.044186494707 -0.743638636096968 0.768898782946026 25.455813505293
50550 10.41 213.0945422728 -0.737251986779768 0.762143982761322 25.4054577272
50600 10.42 213.141998403004 -0.734403651299834 0.758871336073672 25.358001596996
50650 10.43 213.160904724214 -0.736816147566886 0.761158635870117 25.339095275786
50700 10.44 213.154533485283 -0.740143415115749 0.764883454012511 25.345466514717
50750 10.45 213.149826992086 -0.736662526799331 0.762502432911711 25.350173007914
50800 10.46 213.131003408795 -0.723840430666115 0.751468065906425 25.368996591205
50850 10.47 213.104671692248 -0.708748074263716 0.738572783588791 25.395328307752
50900 10.48 213.084007445428 -0.701368848053011 0.732856979471329 25.415992554572
50950 10.49 213.068722589412 -0.706826792654648 0.737855702110126 25.431277410588
51000 10.5 213.058860776753 -0.723618247585474 0.751841628954622 25.441139223247
51050 10.51 213.055239885155 -0.745570822081273 0.770216778075901 25.444760114845
51100 10.52 213.057071161184 -0.763321077006782 0.785285638190331 25.442928838816
51150 10.53 213.059279799593 -0.769639880864232 0.790305983088111 25.440720200407
51200 10.54 213.03339130411 -0.763624869891497 0.784121510595646 25.46660869589
51250 10.55 213.021384270248 -0.74991464947001 0.771021065290098 25.478615729752
51300 10.56 213.028167003872 -0.735824361563487 0.757647345956721 25.471832996128
51350 10.57 213.053459722876 -0.7272506944647 0.749076322761039 25.446540277124
51400 10.58 213.047502729411 -0.725109753588293 0.746303797607739 25.452497270589
51450 10.59 213.027015378026 -0.72732139892688 0.747817241580894 25.472984621974
51500 10.6 212.994984020776 -0.730095391057704 0.750230616514715 25.505015979224
51550 10.61 212.954570155966 -0.730374411781603 0.750560424756773 25.545429844034
51600 10.62 212.912965893763 -0.72806559594771 0.748355575037339 25.587034106237
51650 10.63 212.878588403005 -0.72478148257992 0.744541502304205 25.621411596995
51700 10.64 212.857448479566 -0.721439944554631 0.739725115095666 25.642551520434
51750 10.65 212.850741815091 -0.717886735354366 0.734258979119746 25.649258184909
51800 10.66 212.855420232289 -0.715487152365903 0.730368635334986 25.644579767711
51850 10.67 212.867133849781 -0.716095731586362 0.730317147605905 25.632866150219
51900 10.68 212.882653536588 -0.71987234234114 0.73386591307307 25.617346463412
51950 10.69 212.89897955552 -0.725849585685139 0.739360789995322 25.60102044448
52000 10.7 212.912891836899 -0.731507352436921 0.743877368434307 25.587108163101
52050 10.71 212.920364567448 -0.731478821045118 0.742180716919186 25.579635432552
52100 10.72 212.916529741574 -0.72343783969846 0.732525428634356 25.583470258426
52150 10.73 212.899692330206 -0.71076106155844 0.718800572118036 25.600307669794
52200 10.74 212.876272676245 -0.698346184669786 0.705949336172142 25.623727323755
52250 10.75 212.856859483626 -0.689632310881838 0.69708727580162 25.643140516374
52300 10.76 212.844664885229 -0.686346510289227 0.693649053434262 25.655335114771
52350 10.77 212.833421085909 -0.685359079789095 0.692310794470398 25.666578914091
52400 10.78 212.816032318759 -0.681861118020663 0.688242234881416 25.683967681241
52450 10.79 212.792457386909 -0.675912081378008 0.681661158034513 25.707542613091
52500 10.8 212.769697426002 -0.671413994126149 0.676606125224192 25.730302573998
52550 10.81 212.757217224972 -0.67066170956593 0.675381637825895 25.742782775028
52600 10.82 212.761292925688 -0.676098195468574 0.680395028169325 25.738707074312
52650 10.83 212.780266549289 -0.688765553793523 0.692626664259082 25.719733450711
52700 10.84 212.803527780309 -0.704868202737519 0.708273892799289 25.696472219691
52750 10.85 212.816316373456 -0.718059211029653 0.721028470915879 25.683683626544
52800 10.86 212.80826082616 -0.724455162531018 0.727055278367117 25.69173917384
52850 10.87 212.780007965006 -0.723255112577464 0.725478825935985 25.719992034994
52900 10.88 212.742217251389 -0.716976514762783 0.718731673556722 25.757782748611
52950 10.89 212.707355816943 -0.711563291378806 0.712786028981743 25.792644183057
53000 10.9 212.681630549799 -0.712187658056763 0.712928403764309 25.818369450201
53050 10.91 212.664240336319 -0.717797043223508 0.718197215441581 25.835759663681
53100 10.92 212.650634713323 -0.722573064253805 0.722788005036279 25.849365286677
53150 10.93 212.63524352448 -0.722380913223047 0.722546500349422 25.86475647552
53200 10.94 212.614105808721 -0.716263729519704 0.716463267412872 25.885894191279
53250 10.95 212.588028072598 -0.706439351180158 0.706666831444247 25.911971927402
53300 10.96 212.563088991798 -0.696894622837992 0.697094267081038 25.936911008202
53350 10.97 212.547559323097 -0.691584834192622 0.691772036019617 25.952440676903
53400 10.98 212.547215339902 -0.692873257255909 0.693155279190284 25.952784660098
53450 10.99 212.562608025333 -0.699367504930342 0.699858692704487 25.937391974667
53500 11 212.588981225776 -0.707085977444578 0.70784768038578 25.911018774224
53550 11.01 212.617689670055 -0.712989149704763 0.714016372004403 25.882310329945
53600 11.02 212.63891065412 -0.71598050510583 0.71717699153278 25.86108934588
53650 11.03 212.645760741859 -0.716359491442191 0.717498605686675 25.854239258141
53700 11.04 212.632981286417 -0.716432405404109 0.717324809636588 25.867018713583
53750 11.05 212.613513440546 -0.718300603435133 0.718939182422709 25.886486559454
53800 11.06 212.582541699995 -0.722674534761862 0.723219665099136 25.917458300005
53850 11.07 212.545636967677 -0.72910658271574 0.729728903921565 25.954363032323
53900 11.08 212.505628539919 -0.73742573988042 0.73813456982787 25.994371460081
53950 11.09 212.465505469199 -0.746802380265848 0.747466315147246 26.034494530801
54000 11.1 212.430938975194 -0.756804928087946 0.757313695683938 26.069061024806
54050 11.11 212.406006464593 -0.767926845667683 0.768308776981783 26.093993535407
54100 11.12 212.389972014823 -0.780452072276096 0.780851435915309 26.110027985177
54150 11.13 212.379917691881 -0.792396959248783 0.793000154954836 26.120082308119
54200 11.14 212.37413063358 -0.800678326060567 0.801726990635542 26.12586936642
54250 11.15 212.373554888213 -0.804915555000861 0.806726386904764 26.126445111787
54300 11.16 212.38195043123 -0.807342183035664 0.810141912187421 26.11804956877
54350 11.17 212.403790026574 -0.811112457023337 0.814766979208505 26.096209973426
54400 11.18 212.440022224063 -0.819044233674293 0.823153444075549 26.059977775937
54450 11.19 212.483106171705 -0.831896448362123 0.836073387900802 26.016893828295
54500 11.2 212.469603914178 -0.846900501955902 0.850857646234315 26.030396085822
54550 11.21 212.459184332075 -0.860885036266054 0.864399798457762 26.040815667925
54600 11.22 212.469613042609 -0.871737925058432 0.874719404434378 26.030386957391
54650 11.23 212.470469692907 -0.878802110631598 0.881323661596304 26.029530307093
54700 11.24 212.427239083832 -0.884655265725964 0.886891332936368 26.072760916168
54750 11.25 212.39079674349 -0.892240652879223 0.894347753485 26.10920325651
54800 11.26 212.366439068094 -0.901458525747197 0.903624245755157 26.133560931906
54850 11.27 212.35182025124 -0.909318509538476 0.911789990310465 26.14817974876
54900 11.28 212.339257184437 -0.912053582764494 0.914913126635684 26.160742815563
54950 11.29 212.323105092561 -0.90730046680852 0.910298807783127 26.176894907439
55000 11.3 212.307851549922 -0.897177824286009 0.899872709130939 26.192148450078
55050 11.31 212.306612002513 -0.889123489182787 0.89128393933077 26.193387997487
55100 11.32 212.328968109596 -0.889771478095362 0.891514579401871 26.171031890404
55150 11.33 212.372446936482 -0.898511627584496 0.900104994263074 26.127553063518
55200 11.34 212.423926978094 -0.90940890647812 0.911100813001645 26.076073021906
55250 11.35 212.465077817799 -0.917408035019762 0.919311944617325 26.034922182201
55300 11.36 212.479708705514 -0.918983083149848 0.921030481272133 26.020291294486
55350 11.37 212.455085596897 -0.913316508940085 0.91531747091172 26.044914403103
55400 11.38 212.429551001831 -0.904084038786428 0.905844009573438 26.070448998169
55450 11.39 212.40499166216 -0.897134953844061 0.898567295747736 26.09500833784
55500 11.4 212.395881327711 -0.895488694960748 0.896612894337268 26.104118672289
55550 11.41 212.394895680631 -0.899263303708459 0.900130940472422 26.105104319369
55600 11.42 212.38051765719 -0.907978257075118 0.908671059880463 26.11948234281
55650 11.43 212.338997777509 -0.920520716816429 0.921124861862978 26.161002222491
55700 11.44 212.281257625491 -0.933151317317956 0.933746800235239 26.218742374509
55750 11.45 212.235148470224 -0.940783232436826 0.941471745488629 26.264851529776
55800 11.46 212.218330507517 -0.940035494430168 0.940898890836527 26.281669492483
55850 11.47 212.22637391395 -0.931772277551997 0.932766671416611 26.27362608605
55900 11.48 212.24219332795 -0.920617344482365 0.921568310953163 26.25780667205
55950 11.49 212.248050902433 -0.912071386696454 0.912842074970587 26.251949097567
56000 11.5 212.235091439516 -0.909924014045727 0.910516353206294 26.264908560484
56050 11.51 212.207992132141 -0.914597480738153 0.915138234236182 26.292007867859
56100 11.52 212.179458249054 -0.922269837505967 0.922907371442877 26.320541750946
56150 11.53 212.161814362132 -0.926216238642946 0.927025369407963 26.338185637868
56200 11.54 212.161547170772 -0.921433862235071 0.922390539270782 26.338452829228
56250 11.55 212.17320221309 -0.908368043190185 0.909364691682065 26.32679778691
56300 11.56 212.17872933119 -0.890812724585255 0.891773115876686 26.32127066881
56350 11.57 212.160318182977 -0.874334492796905 0.875340328805372 26.339681817023
56400 11.58 212.121589461262 -0.864995804204377 0.866245294749956 26.378410538738
56450 11.59 212.088509197638 -0.865708727884888 0.867350276427123 26.411490802362
56500 11.6 212.084062684967 -0.874285911004792 0.876365726530899 26.415937315033
56550 11.61 212.109141798028 -0.884781702042885 0.887256511909935 26.390858201972
56600 11.62 212.142670499753 -0.891646726627487 0.894431640100175 26.357329500247
56650 11.63 212.157209778921 -0.893369504323716 0.896353869554437 26.342790221079
56700 11.64 212.138232580586 -0.892818494026052 0.895863039997442 26.361767419414
56750 11.65 212.09519265504 -0.893309994342007 0.896328492586831 26.40480734496
56800 11.66 212.054194569744 -0.89484746079286 0.897939772357346 26.445805430256
56850 11.67 212.037276032677 -0.896188687028162 0.899596151811819 26.462723967323
56900 11.68 212.046159634941 -0.895962514611773 0.8999573541744 26.453840365059
56950 11.69 212.065337049516 -0.893179589587524 0.898009011171016 26.434662950484
57000 11.7 212.07496705405 -0.887439188137475 0.893209386886132 26.42503294595
57050 11.71 212.062176514 -0.879630694244206 0.886144271760146 26.437823486
57100 11.72 212.029262369901 -0.8722286011273 0.878954645982985 26.470737630099
57150 11.73 211.989873576665 -0.867755358888238 0.874170068918766 26.510126423335
57200 11.74 211.957036806241 -0.867622298852755 0.873645294805143 26.542963193759
57250 11.75 211.936134209355 -0.871984582857154 0.878010767918807 26.563865790645
57300 11.76 211.924899089912 -0.879906844993597 0.886488319058971 26.575100910088
57350 11.77 211.916787329994 -0.889603319839771 0.897300132000921 26.583212670006
57400 11.78 211.905733323599 -0.898108107498934 0.907337417508076 26.594266676401
57450 11.79 211.889900941935 -0.901823624073331 0.912716289421393 26.610099058065
57500 11.8 211.872340983232 -0.899127230197337 0.911373671040121 26.627659016768
57550 11.81 211.858269699588 -0.893499110479458 0.906389199751253 26.641730300412
57600 11.82 211.851494017491 -0.890537051937189 0.903350363798109 26.648505982509
57650 11.83 211.853512253977 -0.892993528092715 0.905428637234742 26.646487746023
57700 11.84 211.864586173233 -0.89893372849909 0.911209436648111 26.635413826767
57750 11.85 211.884255231421 -0.904040882513723 0.916824310307842 26.615744768579
57800 11.86 211.910963906513 -0.904984100537387 0.919252079691323 26.589036093487
57850 11.87 211.940684060246 -0.900777850130362 0.917385650861207 26.559315939754
57900 11.88 211.965230812227 -0.892424032045936 0.91166697705724 26.534769187773
57950 11.89 211.974816028629 -0.883634252534769 0.905167384387812 26.525183971371
58000 11.9 211.965233641581 -0.879565449747725 0.902530392637001 26.534766358419
58050 11.91 211.940698057046 -0.882005433204117 0.905391013087627 26.559301942954
58100 11.92 211.910050743365 -0.887683231367762 0.91081324404631 26.589949256635
58150 11.93 211.881499178239 -0.892333774857878 0.915023121026486 26.618500821761
58200 11.94 211.858987352657 -0.895658854441501 0.917758243962974 26.641012647343
58250 11.95 211.840914915424 -0.900487836899114 0.921602174356436 26.659085084576
58300 11.96 211.822905380064 -0.907307995454543 0.926970629694642 26.677094619936
58350 11.97 211.802956187937 -0.912937240256487 0.931204517759033 26.697043812063
58400 11.98 211.78344640129 -0.914933948962061 0.93246414558629 26.71655359871
58450 11.99 211.768190233036 -0.912715355761093 0.930391549030812 26.731809766964
58500 12 211.760779970622 -0.907261316242511 0.92598057833296 26.739220029378
58550 12.01 211.764520980416 -0.902904100166674 0.92333892658113 26.735479019584
58600 12.02 211.778944904519 -0.904828517894624 0.92674570571125 26.721055095481
58650 12.03 211.797592855694 -0.91388674670118 0.93585015946185 26.702407144306
58700 12.04 211.811369671371 -0.925999343540427 0.946280172764534 26.688630328629
58750 12.05 211.814636206889 -0.93551812873163 0.953442750238351 26.685363793111
58800 12.06 211.80818111657 -0.937519441750959 0.953790509799799 26.69181888343
58850 12.07 211.796692410493 -0.930569253595438 0.946445432899492 26.703307589507
58900 12.08 211.783428799485 -0.919146572468843 0.935457197107514 26.716571200515
58950 12.09 211.767604011352 -0.910821376624375 0.927699463087133 26.732395988648
59000 12.1 211.747399000785 -0.909062577178693 0.92621342583916 26.752600999215
59050 12.11 211.72420810384 -0.911275949776546 0.928639115589239 26.77579189616
59100 12.12 211.703352175353 -0.911616024387967 0.929594233531982 26.796647824647
59150 12.13 211.691288679651 -0.905466649727316 0.924459374859712 26.808711320349
59200 12.14 211.69104004066 -0.893124972993596 0.912887476122179 26.80895995934
59250 12.15 211.699762441281 -0.879763091378879 0.899497372028526 26.800237558719
59300 12.16 211.708017124883 -0.869485152162796 0.888485229010289 26.791982875117
59350 12.17 211.703216425138 -0.862728206594891 0.880539186283725 26.796783574862
59400 12.18 211.677539277054 -0.857976516065228 0.874357680193154 26.822460722946
59450 12.19 211.63347807576 -0.854542075227191 0.869736762053179 26.86652192424
59500 12.2 211.582006361719 -0.854228700065241 0.868944068161856 26.917993638281
59550 12.21 211.53523019838 -0.859005031756273 0.874062798649194 26.96476980162
59600 12.22 211.500851314478 -0.868488144209886 0.884616242603907 26.999148685522
59650 12.23 211.480062491161 -0.880421018826011 0.898080740734979 27.019937508839
59700 12.24 211.467656767418 -0.890082487705179 0.909279700703482 27.032343232582
59750 12.25 211.456114115647 -0.892793547098081 0.913377419193236 27.043885884353
59800 12.26 211.440787264788 -0.886022278294634 0.907720898798948 27.059212735212
59850 12.27 211.421672812822 -0.871060202210947 0.892963998071668 27.078327187178
59900 12.28 211.402126687188 -0.852719082890082 0.873446010503336 27.097873312812
59950 12.29 211.385739393244 -0.836420630624732 0.855298177489475 27.114260606756
60000 12.3 211.375300031889 -0.825361323990977 0.843027351385051 27.124699968111
60050 12.31 211.373078285925 -0.820759562149295 0.838392255658922 27.126921714075
60100 12.32 211.380725781308 -0.822188104951915 0.840882865762491 27.119274218692
60150 12.33 211.397841454009 -0.827593572843961 0.848322701020418 27.102158545991
60200 12.34 211.420241879082 -0.834002402947953 0.857270420687126 27.079758120918
60250 12.35 211.440632620464 -0.838181558758307 0.863692221892765 27.059367379536
60300 12.36 211.453042091275 -0.836968802051462 0.863961603064477 27.046957908725
60350 12.37 211.458378156066 -0.827326798740841 0.854998723534863 27.041621843934
60400 12.38 211.462703310485 -0.810307754643381 0.838043775859463 27.037296689515
60450 12.39 211.467810447558 -0.793298743369453 0.820765684211289 27.032189552442
60500 12.4 211.468798861052 -0.783664365456441 0.810983234630143 27.031201138948
60550 12.41 211.460756465872 -0.784108954487019 0.811951646813352 27.039243534128
60600 12.42 211.443298069918 -0.792194481883173 0.821439755463939 27.056701930082
60650 12.43 211.419098902705 -0.802479788502998 0.833799354316211 27.080901097295
60700 12.44 211.391504660296 -0.808372176526422 0.842218439365068 27.108495339704
60750 12.45 211.366054614315 -0.80773731246895 0.844007397908078 27.133945385685
60800 12.46 211.35039422912 -0.803324238505002 0.841074902238188 27.14960577088
60850 12.47 211.348531163228 -0.798591435108179 0.836623958619139 27.151468836772
60900 12.48 211.355791919563 -0.795735836257738 0.833526101028752 27.144208080437
60950 12.49 211.362827024366 -0.796069926669373 0.834093379656023 27.137172975634
61000 12.5 211.36394319621 -0.798596334184599 0.837927590710755 27.13605680379
61050 12.51 211.36105383632 -0.799869306937178 0.841805931572528 27.13894616368
61100 12.52 211.360853576166 -0.797237125847154 0.842722479120571 27.139146423834
61150 12.53 211.368736136756 -0.791555520252892 0.840615561123215 27.131263863244
61200 12.54 211.381848846235 -0.785551829118353 0.837252590389723 27.118151153765
61250 12.55 211.386637008877 -0.780490209782083 0.833404918722573 27.113362991123
61300 12.56 211.366673651442 -0.774969023752364 0.828000029999483 27.133326348558
61350 12.57 211.31618204306 -0.768153952048344 0.8211067220863 27.18381795694
61400 12.58 211.24678031179 -0.760352018285774 0.813586433717017 27.25321968821
61450 12.59 211.181111593578 -0.752605465226181 0.806306822546959 27.318888406422
61500 12.6 211.139604412609 -0.74576990752836 0.799489804617068 27.360395587391
61550 12.61 211.129054087657 -0.739358658568569 0.792320295141719 27.370945912343
61600 12.62 211.138619881483 -0.731955960801549 0.783769015545107 27.361380118517
61650 12.63 211.146420846863 -0.723459727878902 0.774804305380866 27.353579153137
61700 12.64 211.134620909623 -0.716611897441678 0.768579329033032 27.365379090377
61750 12.65 211.102462838299 -0.714795797509543 0.768241692739864 27.397537161701
61800 12.66 211.063672393948 -0.719414616470615 0.775041014955721 27.436327606052
61850 12.67 211.033832377131 -0.729369671774676 0.787559576706542 27.466167622869
61900 12.68 211.021837423206 -0.740894625818988 0.801384936543795 27.478162576794
61950 12.69 211.027353130161 -0.750679268858749 0.813050401161904 27.472646869839
62000 12.7 211.041261821529 -0.757668869382419 0.822065628856073 27.458738178471
62050 12.71 211.050436363695 -0.763147401164958 0.829685703245004 27.449563636305
62100 12.72 211.046021074662 -0.768821202650483 0.836618680041866 27.453978925338
62150 12.73 211.031306232549 -0.774947767611388 0.843001275029695 27.468693767451
62200 12.74 211.019939211573 -0.78026512619221 0.848008686747448 27.480060788427
62250 12.75 211.02480893089 -0.78176076351971 0.848939829046501 27.47519106911
62300 12.76 211.048249184223 -0.776375050337562 0.842666564099004 27.451750815777
62350 12.77 211.079055191895 -0.764702927398168 0.829921055967512 27.420944808105
62400 12.78 211.097322407451 -0.752421141913718 0.816663322529055 27.402677592549
62450 12.79 211.086781916668 -0.745580416441959 0.808771185555355 27.413218083332
62500 12.8 211.048386622324 -0.745957248704514 0.80774970282797 27.451613377676
62550 12.81 210.998650208677 -0.751986920774693 0.812107884924182 27.501349791323
62600 12.82 210.957379462356 -0.761529214326843 0.819913225059858 27.542620537644
62650 12.83 210.939051762647 -0.772778238169076 0.829415191459581 27.560948237353
62700 12.84 210.94748260139 -0.784252935511358 0.839006480112361 27.55251739861
62750 12.85 210.974629682727 -0.793417299403291 0.845880164193751 27.525370317273
62800 12.86 211.004147784541 -0.798998903549725 0.848812672550156 27.495852215459
62850 12.87 211.020841809458 -0.803010695026106 0.850282891780876 27.479158190542
62900 12.88 211.022348586781 -0.80712944950689 0.852811647160513 27.477651413219
62950 12.89 211.018240175575 -0.810498549067425 0.856133999588166 27.481759824425
63000 12.9 211.017926029087 -0.812034841290146 0.859350259352051 27.482073970913
63050 12.91 211.023221989152 -0.81113783883619 0.861665766664691 27.476778010848
63100 12.92 211.028646338517 -0.806513153527087 0.860933248093259 27.471353661483
63150 12.93 211.026980933699 -0.797773517050739 0.855131892794753 27.473019066301
63200 12.94 211.014921017884 -0.787705293421013 0.845345917716472 27.485078982116
63250 12.95 210.994568424662 -0.779158919485782 0.833994281673413 27.505431575338
63300 12.96 210.971492739311 -0.773743121691606 0.8238642064208 27.528507260689
63350 12.97 210.952133106316 -0.770677505815123 0.816222977863038 27.547866893684
63400 12.98 210.940720493609 -0.769300929170532 0.812198356546042 27.559279506391
63450 12.99 210.937564872225 -0.769895992236974 0.813313615558427 27.562435127775
63500 13 210.939149586223 -0.772636972346075 0.819843882117012 27.560850413777
63550 13.01 210.939185465157 -0.776481483419172 0.82919832206074 27.560814534843
63600 13.02 210.931779134718 -0.779365032541805 0.8366662456557 27.568220865282
63650 13.03 210.915774879422 -0.778922176396998 0.83748814519789 27.584225120578
63700 13.04 210.895696961041 -0.774552128208071 0.830438413169867 27.604303038959
63750 13.05 210.876281681114 -0.767808169523868 0.818407501165039 27.623718318886
63800 13.06 210.859915888551 -0.760357076635795 0.805284942064958 27.640084111449
63850 13.07 210.849372998282 -0.752595810832749 0.793749749848636 27.650627001718
63900 13.08 210.848064327763 -0.744239665623751 0.784549928142071 27.651935672237
63950 13.09 210.85820599021 -0.736172566498606 0.77831304734517 27.64179400979
64000 13.1 210.87902293391 -0.728991172958373 0.774663953103146 27.62097706609
64050 13.11 210.90535075417 -0.722620002518498 0.77230970024273 27.59464924583
64100 13.12 210.928718961359 -0.717369015229069 0.770254585297304 27.571281038641
64150 13.13 210.940822688605 -0.713533457049691 0.768089904948354 27.559177311395
64200 13.14 210.938490511079 -0.709967634030943 0.765057587568265 27.561509488921
64250 13.15 210.925561481993 -0.704511677159273 0.76012809441568 27.574438518007
64300 13.16 210.909786539265 -0.695755416024892 0.752583503386607 27.590213460735
64350 13.17 210.897482983682 -0.685378019889241 0.743998115149743 27.602517016318
64400 13.18 210.890695688913 -0.677129233364084 0.7379150443041 27.609304311087
64450 13.19 210.886658873431 -0.673476875129735 0.736605909034797 27.613341126569
64500 13.2 210.880400577114 -0.673385047853985 0.738899303658676 27.619599422886
64550 13.21 210.868685113469 -0.674607847912 0.742341958901343 27.631314886531
64600 13.22 210.851019303102 -0.67529013117059 0.744844942795854 27.648980696898
64650 13.23 210.829974901556 -0.673106735499133 0.744258415736124 27.670025098444
64700 13.24 210.810647960649 -0.667376355684287 0.740113391803578 27.689352039351
64750 13.25 210.798690622909 -0.659005189947198 0.733933476621913 27.701309377091
64800 13.26 210.798076075548 -0.648933632420488 0.727191731144548 27.701923924452
64850 13.27 210.810095180657 -0.639163748394496 0.721386581589166 27.689904819343
64900 13.28 210.832931381895 -0.632479822592362 0.718448849466399 27.667068618105
64950 13.29 210.861576808987 -0.628826842742388 0.717624781418288 27.638423191013
65000 13.3 210.888385433233 -0.625559563400536 0.715721064754563 27.611614566767
65050 13.31 210.904148925688 -0.620898884661297 0.711045596457964 27.595851074312
65100 13.32 210.902009759977 -0.615582714243362 0.705044288501208 27.597990240023
65150 13.33 210.881488620519 -0.612274144511157 0.701003215843857 27.618511379481
65200 13.34 210.84928364746 -0.613567383279404 0.701968115519083 27.65071635254
65250 13.35 210.815351328569 -0.61956698049985 0.708315412809898 27.684648671431
65300 13.36 210.787582443586 -0.626724978178898 0.716714665092863 27.712417556414
65350 13.37 210.768816368725 -0.6305796463518 0.722184754236903 27.731183631275
65400 13.38 210.756996911045 -0.630361297206052 0.722932868422963 27.743003088955
65450 13.39 210.747167112247 -0.627960441376803 0.720679894195289 27.752832887753
65500 13.4 210.734501537522 -0.624993279571636 0.717703720215427 27.765498462478
65550 13.41 210.716560124198 -0.623235532880563 0.716598067260362 27.783439875802
65600 13.42 210.69376408069 -0.62477666215546 0.719858425626203 27.80623591931
65650 13.43 210.668935332628 -0.628808335435235 0.726912780961391 27.831064667372
65700 13.44 210.647372075273 -0.63232344972713 0.734243235854932 27.852627924727
65750 13.45 210.635169846328 -0.633569461559901 0.738564795733006 27.864830153672
65800 13.46 210.634264708262 -0.63290370977809 0.739056873168664 27.865735291738
65850 13.47 210.639733308938 -0.630616033655829 0.736077520698501 27.860266691062
65900 13.48 210.642905706845 -0.628328052103467 0.731861968444485 27.857094293155
65950 13.49 210.635798590382 -0.629983403027325 0.730842005131504 27.864201409618
66000 13.5 210.613899490639 -0.638147794013253 0.736021147749961 27.886100509361
66050 13.51 210.5790236661 -0.649736589292256 0.744895242442398 27.9209763339
66100 13.52 210.538862685964 -0.658678948032834 0.751677050337489 27.961137314036
66150 13.53 210.504192468095 -0.661311344258032 0.752462055172563 27.995807531905
66200 13.54 210.48392838385 -0.658630441089042 0.747757552983373 28.01607161615
66250 13.55 210.479474345462 -0.655468230684036 0.742142364400411 28.020525654538
66300 13.56 210.484158496068 -0.656284192592048 0.740353935132917 28.015841503932
66350 13.57 210.489144294837 -0.661257646816175 0.743595329571893 28.010855705163
66400 13.58 210.490181355501 -0.667015984018417 0.749448543247642 28.009818644499
66450 13.59 210.489074918418 -0.67003874113046 0.753894923077012 28.010925081582
66500 13.6 210.488940530391 -0.669527072416412 0.754655233072461 28.011059469609
66550 13.61 210.489907527391 -0.66743653153158 0.752647665948399 28.010092472609
66600 13.62 210.488878032197 -0.666238892347662 0.750117918855334 28.011121967803
66650 13.63 210.482653079636 -0.667317347159703 0.748021304890362 28.017346920364
66700 13.64 210.470806809645 -0.671429375207924 0.747429989553645 28.029193190355
66750 13.65 210.455864588104 -0.678075043527876 0.749291446067322 28.044135411896
66800 13.66 210.440982517407 -0.683412000871781 0.750892241843235 28.059017482593
66850 13.67 210.428344024664 -0.682479621555706 0.747326222953936 28.071655975336
66900 13.68 210.420037541466 -0.674400509840442 0.737366749905759 28.079962458534
66950 13.69 210.418267109514 -0.661283763105378 0.723148367155248 28.081732890486
67000 13.7 210.422521566426 -0.646166025833233 0.708273317673916 28.077478433574
67050 13.71 210.427396606923 -0.631465478664481 0.695870514050359 28.072603393077
67100 13.72 210.425544662363 -0.619104026848358 0.687855481684469 28.074455337637
67150 13.73 210.413613776548 -0.610939370325422 0.684123697062745 28.086386223452
67200 13.74 210.392636135939 -0.607694140067037 0.682407724740981 28.107363864061
67250 13.75 210.364459527002 -0.608671266178124 0.680766126207296 28.135540472998
67300 13.76 210.331446849023 -0.612699538376003 0.679928697659063 28.168553150977
67350 13.77 210.298503880941 -0.620079651406321 0.683358383927188 28.201496119059
67400 13.78 210.272274155561 -0.631545413823309 0.693292518299129 28.227725844439
67450 13.79 210.257825685832 -0.644118152375431 0.706379190982687 28.242174314168
67500 13.8 210.256372511901 -0.651565660720146 0.715502343046021 28.243627488099
67550 13.81 210.265871118318 -0.650201804893611 0.715754572874906 28.234128881682
67600 13.82 210.282522864744 -0.641354606981499 0.707139470121859 28.217477135256
67650 13.83 210.300909097102 -0.630456306603391 0.694581357479566 28.199090902898
67700 13.84 210.31492543143 -0.624040624126864 0.685563474674354 28.18507456857
67750 13.85 210.320096685902 -0.625800897708762 0.685223641975194 28.179903314098
67800 13.86 210.316258264797 -0.633637157957285 0.692836263858054 28.183741735203
67850 13.87 210.307952874736 -0.641642957228964 0.702725579209887 28.192047125264
67900 13.88 210.301377040834 -0.644403537627799 0.708092680014131 28.198622959166
67950 13.89 210.300842275646 -0.640840882809931 0.705536381166194 28.199157724354
68000 13.9 210.308136276618 -0.635706768749915 0.698577689283451 28.191863723382
68050 13.91 210.322911116471 -0.635421307462726 0.694407446416033 28.177088883529
68100 13.92 210.34261617886 -0.642092795867778 0.69726049772722 28.15738382114
68150 13.93 210.363529278985 -0.652044350688058 0.705348264314605 28.136470721015
68200 13.94 210.381548831659 -0.660640555484294 0.714595055451078 28.118451168341
68250 13.95 210.393274415916 -0.665113705111867 0.721268599318402 28.106725584084
68300 13.96 210.396412813521 -0.665924574722071 0.723991453897319 28.103587186479
68350 13.97 210.389254269429 -0.666606586942636 0.724260412613435 28.110745730571
68400 13.98 210.370064881697 -0.669334256609226 0.723556832879597 28.129935118303
68450 13.99 210.33888758046 -0.671890341818214 0.720834382370901 28.16111241954
68500 14 210.299480791145 -0.669899368024925 0.713761757846498 28.200519208855
68550 14.01 210.258722243332 -0.660287954236829 0.700918702923802 28.241277756668
68600 14.02 210.223838769302 -0.645551535985056 0.685244700911853 28.276161230698
68650 14.03 210.200458869984 -0.632002568177162 0.6724664454354 28.299541130016
68700 14.04 210.19011131477 -0.624543707611233 0.666420312621743 28.30988868523
68750 14.05 210.189040516335 -0.625968998934124 0.669132260504691 28.310959483665
68800 14.06 210.190083923929 -0.636429637989664 0.680699815856248 28.309916076071
68850 14.07 210.187896948981 -0.652126636565623 0.697350567532125 28.312103051019
68900 14.08 210.183039426781 -0.667425645442442 0.712970638339542 28.316960573219
68950 14.09 210.180953474522 -0.677739862758123 0.722264691681696 28.319046525478
69000 14.1 210.187464183949 -0.681046755377465 0.723277489256784 28.312535816051
69050 14.11 210.203653721735 -0.679297158858587 0.718767499206405 28.296346278265
69100 14.12 210.223218330949 -0.676139215475609 0.713215979082499 28.276781669051
69150 14.13 210.234835423108 -0.675655206510891 0.711334944339396 28.265164576892
69200 14.14 210.229209289872 -0.680219311277329 0.715757528279077 28.270790710128
69250 14.15 210.207319995581 -0.688104857907736 0.724442682733819 28.292680004419
69300 14.16 210.18019403914 -0.695918858120501 0.733296539134153 28.31980596086
69350 14.17 210.160627743259 -0.701118213584221 0.739085417510277 28.339372256741
69400 14.18 210.155863285988 -0.704318437750723 0.742163299431404 28.344136714012
69450 14.19 210.164879484848 -0.707484470012262 0.744707713718493 28.335120515152
69500 14.2 210.179459338184 -0.710719768497731 0.747461028067517 28.320540661816
69550 14.21 210.188393738257 -0.712945429918395 0.749480453809861 28.311606261743
69600 14.22 210.183390218893 -0.714549345943441 0.750622725766627 28.316609781107
69650 14.23 210.163275246956 -0.71723594053525 0.752051648573004 28.336724753044
69700 14.24 210.135132925405 -0.722515915528041 0.755428181140492 28.364867074595
69750 14.25 210.110920618068 -0.730948731872369 0.762034019333964 28.389079381932
69800 14.26 210.100943853024 -0.74098052694901 0.771144347809683 28.399056146976
69850 14.27 210.107503524525 -0.750535198995883 0.781152865981268 28.392496475475
69900 14.28 210.122154007816 -0.75853377395338 0.790734495325144 28.377845992184
69950 14.29 210.130546061618 -0.763699009917244 0.797806199436079 28.369453938382
70000 14.3 210.120288669314 -0.764338389751582 0.800010177954631 28.379711330686
70050 14.31 210.087048170715 -0.760219776685252 0.796818082275393 28.412951829285
70100 14.32 210.036231586051 -0.752933951273068 0.789838746730665 28.463768413949
70150 14.33 209.980254757972 -0.744128150220811 0.781000436612704 28.519745242028
70200 14.34 209.933244783956 -0.735434527670917 0.772567884013516 28.566755216044
70250 14.35 209.904772122067 -0.727281783335041 0.765325187402394 28.595227877933
70300 14.36 209.895256044592 -0.71945707390069 0.758576445295448 28.604743955408
70350 14.37 209.897234405157 -0.712397304678363 0.751957234841635 28.602765594843
70400 14.38 209.902057946186 -0.707884951177928 0.74670108008693 28.597942053814
70450 14.39 209.906320762463 -0.705610780491334 0.742509295553969 28.593679237537
70500 14.4 209.912798576017 -0.703869137719507 0.738345282601827 28.587201423983
70550 14.41 209.925846405862 -0.702003774929244 0.734585265453407 28.574153594138
70600 14.42 209.946507394136 -0.700541390285234 0.732209040209813 28.553492605864
70650 14.43 209.970346851125 -0.699345606246931 0.730943582540573 28.529653148875
70700 14.44 209.989204092094 -0.698769439422635 0.73067876847868 28.510795907906
70750 14.45 209.995848457636 -0.699780231343804 0.731539903312898 28.504151542364
70800 14.46 209.989104894381 -0.702199089898016 0.732939175294768 28.510895105619
70850 14.47 209.975494465241 -0.703795885656528 0.733099144334902 28.524505534759
70900 14.48 209.965402492317 -0.704267629172281 0.732625119864071 28.534597507683
70950 14.49 209.967765356405 -0.705649935131145 0.734084644025733 28.532234643595
71000 14.5 209.986104023214 -0.707014571741863 0.736607513627561 28.513895976786
71050 14.51 210.017395344129 -0.705974907155316 0.737589838955258 28.482604655871
71100 14.52 210.05331002682 -0.702398307211558 0.736294860123297 28.44668997318
71150 14.53 210.084607932423 -0.698447875475205 0.733793002340977 28.415392067577
71200 14.54 210.083802642234 -0.694556752249694 0.730023713619639 28.416197357766
71250 14.55 210.089772402757 -0.690839570070837 0.725790962434854 28.410227597243
71300 14.56 210.062751731618 -0.688734751019814 0.723653984931947 28.437248268382
71350 14.57 210.018075053096 -0.68925623040781 0.725069294094923 28.481924946904
71400 14.58 209.983112320454 -0.692076730545187 0.729164066119934 28.516887679546
71450 14.59 209.961345117313 -0.696037351451641 0.733796700915697 28.538654882687
71500 14.6 209.952726726462 -0.700900944173433 0.738314937645278 28.547273273538
71550 14.61 209.92861188551 -0.705186493003879 0.741443761183405 28.57138811449
71600 14.62 209.902637639529 -0.706576742699398 0.741276245255843 28.597362360471
71650 14.63 209.884469933407 -0.705352974537337 0.738383553695521 28.615530066593
71700 14.64 209.871315193878 -0.704301427252939 0.735714297602842 28.628684806122
71750 14.65 209.859476680413 -0.704799987081891 0.73510822285173 28.640523319587
71800 14.66 209.84623240876 -0.704336040932829 0.734593059751494 28.65376759124
71850 14.67 209.829955517446 -0.700475032399513 0.731830142301022 28.670044482554
71900 14.68 209.809694200456 -0.695073311072072 0.728391614071143 28.690305799544
71950 14.69 209.786134362781 -0.690538384246425 0.726478258249808 28.713865637219
72000 14.7 209.762688135528 -0.686257586410649 0.725305727209601 28.737311864472
72050 14.71 209.744979920322 -0.68141423535759 0.723452992614994 28.755020079678
72100 14.72 209.737498873067 -0.677020272896745 0.720924461711033 28.762501126933
72150 14.73 209.740927665797 -0.675387622237004 0.718921915877853 28.759072334203
72200 14.74 209.750845431811 -0.677412955664931 0.71829158630138 28.749154568189
72250 14.75 209.759128125364 -0.681007327748505 0.718124784523165 28.740871874636
72300 14.76 209.758570725885 -0.683597358182944 0.717204062767839 28.741429274115
72350 14.77 209.748635967029 -0.684013723468176 0.71506366116775 28.751364032971
72400 14.78 209.736694139428 -0.682390741945933 0.712188825787766 28.763305860572
72450 14.79 209.734357228929 -0.678815739095162 0.708619327619071 28.765642771071
72500 14.8 209.750114998594 -0.675885071159413 0.706259984167383 28.749885001406
72550 14.81 209.782645180742 -0.676734773475319 0.707646428057811 28.717354819258
72600 14.82 209.819969614994 -0.681502954650329 0.712548311664105 28.680030385006
72650 14.83 209.845796782411 -0.687179383400739 0.717831432385534 28.654203217589
72700 14.84 209.848037568486 -0.690551625619452 0.7203576569291 28.651962431514
72750 14.85 209.825192136465 -0.690406752740573 0.718895662561918 28.674807863535
72800 14.86 209.78567968616 -0.687987147423755 0.714417515439435 28.71432031384
72850 14.87 209.742144784564 -0.68458954126899 0.708090497035908 28.757855215436
72900 14.88 209.705783378839 -0.679379894352979 0.699570191641105 28.794216621161
72950 14.89 209.682490742325 -0.671213438284817 0.68854014432741 28.817509257675
73000 14.9 209.670659304176 -0.662076570478277 0.677448412732942 28.829340695824
73050 14.91 209.661165274868 -0.655339203168376 0.669447239435097 28.838834725132
73100 14.92 209.643321245681 -0.651924720643002 0.665293464005612 28.856678754319
73150 14.93 209.614059558539 -0.649743339749196 0.663102497290172 28.885940441461
73200 14.94 209.580643690531 -0.647324232698665 0.661571012191934 28.919356309469
73250 14.95 209.554037041152 -0.645922536287597 0.661689577178604 28.945962958848
73300 14.96 209.540763123874 -0.648084502494979 0.665336931408412 28.959236876126
73350 14.97 209.540737878607 -0.654761372866879 0.672697009282905 28.959262121393
73400 14.98 209.549945810971 -0.664878748961651 0.682546555334273 28.950054189029
73450 14.99 209.563728877463 -0.676704020299897 0.693413868663739 28.936271122537
73500 15 209.578791289517 -0.689243388327401 0.704609664808185 28.921208710483
73550 15.01 209.593580835717 -0.70076819989853 0.714764492064043 28.906419164283
73600 15.02 209.607241234534 -0.710020559148408 0.722776701679019 28.892758765466
73650 15.03 209.618451052241 -0.716357904926407 0.727998871119505 28.881548947759
73700 15.04 209.624652382822 -0.719363219143332 0.730023140078098 28.875347617178
73750 15.05 209.622465511826 -0.718202156078505 0.728287820141454 28.877534488174
73800 15.06 209.610444996377 -0.714093571788118 0.724174412678054 28.889555003623
73850 15.07 209.590679522907 -0.710241212025231 0.720699665540109 28.909320477093
73900 15.08 209.568217283054 -0.709505387456742 0.720248916052637 28.931782716946
73950 15.09 209.549213569371 -0.711308840952462 0.72188378540446 28.950786430629
74000 15.1 209.5393655413 -0.712617327664993 0.722612507353431 28.9606344587
74050 15.11 209.541994353749 -0.710416659079496 0.719593212447323 28.958005646251
74100 15.12 209.556271561525 -0.702600115754315 0.710910586771824 28.943728438475
74150 15.13 209.577223759283 -0.689212123046545 0.696994580680879 28.922776240717
74200 15.14 209.598296356697 -0.675161964468012 0.683193539447234 28.901703643303
74250 15.15 209.61268152864 -0.666952326862659 0.676063379450103 28.88731847136
74300 15.16 209.614459717532 -0.667375409560125 0.677891780640548 28.885540282468
74350 15.17 209.600109774527 -0.675178382920649 0.686691049858422 28.899890225473
74400 15.18 209.570066163649 -0.685549038286832 0.69711916517838 28.929933836351
74450 15.19 209.53001286773 -0.69182864950506 0.702629460379805 28.96998713227
74500 15.2 209.490370431818 -0.689530470409563 0.699409449655048 29.009629568182
74550 15.21 209.462330114014 -0.678775313058873 0.688119998361289 29.037669885986
74600 15.22 209.4520400513 -0.665697878886419 0.674976737344457 29.0479599487
74650 15.23 209.458504390234 -0.658753501268923 0.668224734073937 29.041495609766
74700 15.24 209.473591622498 -0.661229694967387 0.670843186679696 29.026408377502
74750 15.25 209.486275650688 -0.667684501788394 0.677002517547564 29.013724349312
74800 15.26 209.488061274231 -0.669219561857058 0.677653827216499 29.011938725769
74850 15.27 209.476121144573 -0.660281350944063 0.667516365450204 29.023878855427
74900 15.28 209.453590086503 -0.641452892727031 0.647698393855857 29.046409913497
74950 15.29 209.427977152488 -0.619557712257087 0.625376425478497 29.072022847512
75000 15.3 209.40806931097 -0.603947006275058 0.609898768777013 29.09193068903
75050 15.31 209.399674619386 -0.599816798561999 0.606270688808619 29.100325380614
75100 15.32 209.401733668547 -0.604634638505121 0.611578872432297 29.098266331453
75150 15.33 209.406642617874 -0.610738280805767 0.617852079177574 29.093357382126
75200 15.34 209.405571051403 -0.611908600057961 0.618919903933908 29.094428948597
75250 15.35 209.395071098295 -0.606770949402721 0.613677735338473 29.104928901705
75300 15.36 209.379276618886 -0.598243641077362 0.605148186018011 29.120723381114
75350 15.37 209.365862144188 -0.588847525541136 0.595800989466725 29.134137855812
75400 15.38 209.360134882328 -0.578618275430567 0.585738683924099 29.139865117672
75450 15.39 209.362893381699 -0.567588862390183 0.575145431964311 29.137106618301
75500 15.4 209.37022084624 -0.555289781528903 0.563631071384564 29.12977915376
75550 15.41 209.375313926227 -0.543017042144837 0.552256389864632 29.124686073773
75600 15.42 209.370705140791 -0.534165695804911 0.544205199210335 29.129294859209
75650 15.43 209.354123852418 -0.532393989070429 0.543265515144747 29.145876147582
75700 15.44 209.325825455686 -0.538186839732102 0.550000345176334 29.174174544314
75750 15.45 209.292479790091 -0.547856164582902 0.560452196277845 29.207520209909
75800 15.46 209.261933817978 -0.555189313156509 0.56812223029444 29.238066182022
75850 15.47 209.241093636042 -0.55503279912594 0.567836721567849 29.258906363958
75900 15.48 209.23350718419 -0.546359434448718 0.55881652337218 29.26649281581
75950 15.49 209.237730613922 -0.532792649132425 0.544863890613679 29.262269386078
76000 15.5 209.248278142677 -0.51957718277992 0.531095463063688 29.251721857323
76050 15.51 209.257469048502 -0.509853111596685 0.520475477687947 29.242530951498
76100 15.52 209.257740610032 -0.50409641765265 0.513536600188837 29.242259389968
76150 15.53 209.244902460227 -0.50129187834839 0.509570525214802 29.255097539773
76200 15.54 209.221794743082 -0.500224053628625 0.507663079198796 29.278205256918
76250 15.55 209.196821561592 -0.500372876913803 0.507506020783814 29.303178438408
76300 15.56 209.17839205291 -0.499775095855222 0.507081454270372 29.32160794709
76350 15.57 209.170423934536 -0.4960145088139 0.503688451027015 29.329576065464
76400 15.58 209.171422784834 -0.488038988853559 0.495950726925058 29.328577215166
76450 15.59 209.176737113227 -0.47547019195983 0.483183769627613 29.323262886773
76500 15.6 209.18113116539 -0.460272444944877 0.467183006469006 29.31886883461
76550 15.61 209.180569582143 -0.447315217577164 0.453027752435042 29.319430417857
76600 15.62 209.173765955454 -0.441472376992145 0.446155846728832 29.326234044546
76650 15.63 209.161842233741 -0.443663365686588 0.447866753235123 29.338157766259
76700 15.64 209.147575979355 -0.451269631625016 0.455531007102737 29.352424020645
76750 15.65 209.135486190019 -0.460325837865597 0.464887477271106 29.364513809981
76800 15.66 209.1314853649 -0.466926991664513 0.471567177463788 29.3685146351
76850 15.67 209.140185372695 -0.470970474051197 0.47511227032443 29.359814627305
76900 15.68 209.161028197338 -0.47458297199715 0.47782707974676 29.338971802662
76950 15.69 209.187667598453 -0.479176810432761 0.481622509257547 29.312332401547
77000 15.7 209.21134854213 -0.485579459477638 0.487598149812198 29.28865145787
77050 15.71 209.225684827727 -0.493238035856734 0.495184808985319 29.274315172273
77100 15.72 209.228817398083 -0.499855243885578 0.501921635281468 29.271182601917
77150 15.73 209.222456066291 -0.50290666056677 0.505075328337011 29.277543933709
77200 15.74 209.209697387812 -0.502398950186647 0.504497884699423 29.290302612188
77250 15.75 209.193618198252 -0.5006473149619 0.50247099771019 29.306381801748
77300 15.76 209.177719898591 -0.499158340773527 0.500595031490113 29.322280101409
77350 15.77 209.166818416721 -0.498791798674705 0.49992810188466 29.333181583279
77400 15.78 209.164642937141 -0.501091382473391 0.502116433967214 29.335357062859
77450 15.79 209.170289616692 -0.507342427033878 0.508374323195121 29.329710383308
77500 15.8 209.177697429548 -0.51651537222676 0.517596306357977 29.322302570452
77550 15.81 209.18050308669 -0.525333200866078 0.526562375764609 29.31949691331
77600 15.82 209.175997741821 -0.530901304028412 0.532469037536317 29.324002258179
77650 15.83 209.165715336423 -0.533178015916516 0.535213578204515 29.334284663577
77700 15.84 209.155144929093 -0.533404257760197 0.535791909504435 29.344855070907
77750 15.85 209.151636172097 -0.533113757935368 0.535620840155997 29.348363827903
77800 15.86 209.159577736795 -0.534243287159003 0.536843836994031 29.340422263205
77850 15.87 209.175690422421 -0.538658035957013 0.541434887573594 29.324309577579
77900 15.88 209.188507364403 -0.545416991393723 0.548240107420737 29.311492635597
77950 15.89 209.183452153807 -0.5513602270244 0.553861840630526 29.316547846193
78000 15.9 209.15414541121 -0.553692601557067 0.555538289636275 29.34585458879
78050 15.91 209.109024555612 -0.551247566125913 0.552439854336779 29.390975444388
78100 15.92 209.062955358892 -0.544784956488251 0.545703295394142 29.437044641108
78150 15.93 209.026291767886 -0.536058907144034 0.537077708099206 29.473708232114
78200 15.94 209.000956998394 -0.52720527406851 0.528462005690582 29.499043001606
78250 15.95 208.982723086015 -0.520640993751197 0.522021731581936 29.517276913985
78300 15.96 208.965589161202 -0.517886295317641 0.51923560332542 29.534410838798
78350 15.97 208.945716778802 -0.519410688609328 0.520752502226629 29.554283221198
78400 15.98 208.924805512051 -0.52514816861485 0.526534019793411 29.575194487949
78450 15.99 208.91043314482 -0.534252862898467 0.535565999847815 29.58956685518
78500 16 208.911841889546 -0.544051025090371 0.545125629753939 29.588158110454
78550 16.01 208.932716381138 -0.551117538588434 0.551887813712327 29.567283618862
78600 16.02 208.966401300092 -0.554439305371005 0.554964419759309 29.533598699908
78650 16.03 208.998334156099 -0.555858479293835 0.556211756870055 29.501665843901
78700 16.04 209.014488478574 -0.556864333907592 0.557079003257942 29.485511521426
78750 16.05 209.009989421243 -0.556737969846006 0.556891663044949 29.490010578757
78800 16.06 208.990809953894 -0.554321316457823 0.554604284167601 29.509190046106
78850 16.07 208.967711663068 -0.549308069142091 0.549862089806255 29.532288336932
78900 16.08 208.949304207295 -0.542498925240008 0.543233246164771 29.550695792705
78950 16.09 208.938591807838 -0.535016799232771 0.535719678611026 29.561408192162
79000 16.1 208.932887939887 -0.527675756394276 0.528251372273752 29.567112060113
79050 16.11 208.926165516058 -0.520435150854454 0.520920263364474 29.573834483942
79100 16.12 208.913741010137 -0.513178871116339 0.513660372244533 29.586258989863
79150 16.13 208.897273039265 -0.504696786361363 0.505259701884705 29.602726960735
79200 16.14 208.88453048104 -0.493185815721906 0.493882872636986 29.61546951896
79250 16.15 208.882875113455 -0.478404232322633 0.479204752475112 29.617124886545
79300 16.16 208.893469406873 -0.463045932098867 0.463864605483846 29.606530593127
79350 16.17 208.910064547092 -0.449551543771413 0.450234809146697 29.589935452908
79400 16.18 208.921858024436 -0.43852275634881 0.438939340924007 29.578141975564
79450 16.19 208.919782588428 -0.42977439669549 0.429969385677618 29.580217411572
79500 16.2 208.903233076496 -0.423560187526278 0.423668934560141 29.596766923504
79550 16.21 208.880336394834 -0.420491011601737 0.420581632222863 29.619663605166
79600 16.22 208.860437021122 -0.419624334541679 0.419725093197756 29.639562978878
79650 16.23 208.847473480715 -0.420743671786783 0.420893063051932 29.652526519285
79700 16.24 208.839429235651 -0.423792676848379 0.423999155587403 29.660570764349
79750 16.25 208.83231746809 -0.42787421262116 0.428087274724845 29.66768253191
79800 16.26 208.824130329727 -0.431137161356807 0.431347160840234 29.675869670273
79850 16.27 208.815791000181 -0.431238782401033 0.431493638432147 29.684208999819
79900 16.28 208.810427518994 -0.427329421748115 0.427639630593346 29.689572481006
79950 16.29 208.811752539911 -0.422352545868444 0.42268120363297 29.688247460089
80000 16.3 208.821542314061 -0.42173331643514 0.42204021494668 29.678457685939
80050 16.31 208.837846879921 -0.428476030608399 0.428782239388829 29.662153120079
80100 16.32 208.854863763469 -0.439313814864703 0.439660103145633 29.645136236531
80150 16.33 208.866110311085 -0.447945743950657 0.448327997925428 29.633889688915
80200 16.34 208.8667598186 -0.449878111839648 0.450263237940726 29.6332401814
80250 16.35 208.854536540266 -0.444629405240154 0.444993787491299 29.645463459734
80300 16.36 208.831265542801 -0.435123392300703 0.435458724667247 29.668734457199
80350 16.37 208.803965076631 -0.426736984643566 0.427051598311786 29.696034923369
80400 16.38 208.782563799956 -0.423054339305253 0.423374969625301 29.717436200044
80450 16.39 208.774492160957 -0.423959210469868 0.424314318686183 29.725507839043
80500 16.4 208.78089072479 -0.427079078286977 0.427541762146759 29.71910927521
80550 16.41 208.795689922001 -0.429830858991484 0.430602590207455 29.704310077999
80600 16.42 208.808007252059 -0.431491343777766 0.432851776241191 29.691992747941
80650 16.43 208.806682052155 -0.43363331283185 0.435657211025339 29.693317947845
80700 16.44 208.785489949468 -0.437342296649866 0.439776073133224 29.714510050532
80750 16.45 208.747589791325 -0.440558285387051 0.44310289232935 29.752410208675
80800 16.46 208.704330215246 -0.440469775407078 0.443004601363854 29.795669784754
80850 16.47 208.667467440199 -0.436834280482673 0.439450283207554 29.832532559801
80900 16.48 208.642397906928 -0.432431275877971 0.435258680557942 29.857602093072
80950 16.49 208.627747527991 -0.429833214136844 0.43278605239438 29.872252472009
81000 16.5 208.618319449418 -0.42959664675197 0.432294062847042 29.881680550582
81050 16.51 208.60937402849 -0.431413486896471 0.433595014216677 29.89062597151
81100 16.52 208.601324260306 -0.435099097764668 0.436925279329765 29.898675739694
81150 16.53 208.600328381632 -0.439066796563839 0.440941637716975 29.899671618368
81200 16.54 208.612896165578 -0.440990280490444 0.443366192708101 29.887103834422
81250 16.55 208.640947860636 -0.440370784942654 0.443722448484813 29.859052139364
81300 16.56 208.681022484137 -0.438554716090653 0.44327590238385 29.818977515863
81350 16.57 208.727266851132 -0.436693193801589 0.4427719194905 29.772733148868
81400 16.58 208.773621375748 -0.435609340884463 0.442333149082782 29.726378624252
81450 16.59 208.814429380411 -0.435507235506783 0.441959644693577 29.685570619589
81500 16.6 208.844725406855 -0.436463311557323 0.442242043117233 29.655274593145
81550 16.61 208.858525822391 -0.4378001771726 0.443302939144508 29.641474177609
81600 16.62 208.850062053166 -0.438008812109188 0.444150628345748 29.649937946834
81650 16.63 208.822240676094 -0.437057809581688 0.444858508223226 29.677759323906
81700 16.64 208.790031950224 -0.435842822458823 0.446055006916579 29.709968049776
81750 16.65 208.770692562794 -0.434168680569999 0.446790518972269 29.729307437206
81800 16.66 208.772349814551 -0.431095603333019 0.445177426807607 29.727650185449
81850 16.67 208.79054239779 -0.427486307254196 0.441291829515928 29.70945760221
81900 16.68 208.811202602145 -0.425279480528647 0.437290496664106 29.688797397855
81950 16.69 208.816504927434 -0.423757377255345 0.433826136859459 29.683495072566
82000 16.7 208.791534279401 -0.421115274044387 0.430357262470629 29.708465720599
82050 16.71 208.746509820177 -0.417775441909047 0.427691478104672 29.753490179823
82100 16.72 208.692467552336 -0.415210390249126 0.426844494795151 29.807532447664
82150 16.73 208.651040906845 -0.416415001801044 0.429746094458443 29.848959093155
82200 16.74 208.631202524082 -0.4239746827194 0.437943563147318 29.868797475918
82250 16.75 208.632453770388 -0.436279936979321 0.449679783518017 29.867546229612
82300 16.76 208.648655557012 -0.448819733989415 0.461103776964808 29.851344442988
82350 16.77 208.668429282365 -0.458179154024843 0.469398766511854 29.831570717635
82400 16.78 208.678306807148 -0.462433880375371 0.472972692570805 29.821693192852
82450 16.79 208.671204196592 -0.462245709101629 0.472703514584521 29.828795803408
82500 16.8 208.653355140893 -0.460734584642552 0.47161311066022 29.846644859107
82550 16.81 208.640084383149 -0.460028715107958 0.471685988101271 29.859915616851
82600 16.82 208.644917067622 -0.460238502631249 0.473030909103944 29.855082932378
82650 16.83 208.67206617114 -0.46155684744182 0.475873114852461 29.82793382886
82700 16.84 208.713560454571 -0.464134645184135 0.480111615533563 29.786439545429
82750 16.85 208.752130623636 -0.466099852035268 0.483505461390582 29.747869376364
82800 16.86 208.770751394102 -0.464081781584311 0.48237197532913 29.729248605898
82850 16.87 208.742376826699 -0.457046408745651 0.475734623780168 29.757623173301
82900 16.88 208.727471722529 -0.448733167874204 0.467534792897609 29.772528277471
82950 16.89 208.715726991056 -0.444363599128473 0.46301637547717 29.784273008944
83000 16.9 208.693325370383 -0.44568857182003 0.463840627023264 29.806674629617
83050 16.91 208.673965589393 -0.451072689506558 0.468546741006192 29.826034410607
83100 16.92 208.650471264848 -0.457970586007768 0.474976982835859 29.849528735152
83150 16.93 208.613996327145 -0.464921192211387 0.481934685743487 29.886003672855
83200 16.94 208.562969667755 -0.469750579109143 0.487172924975684 29.937030332245
83250 16.95 208.507707704686 -0.470254081801563 0.488164605587042 29.992292295314
83300 16.96 208.464128238881 -0.466954347041392 0.485333123508269 30.035871761119
83350 16.97 208.442959662627 -0.462347291680415 0.48161095694656 30.057040337373
83400 16.98 208.44455263145 -0.458833628974481 0.479629178633012 30.05544736855
83450 16.99 208.460305306317 -0.457436567562102 0.479906196871293 30.039694693683
83500 17 208.478614199983 -0.457981334351491 0.481519207405678 30.021385800017
83550 17.01 208.491106508153 -0.460395213328094 0.484069161952586 30.008893491847
83600 17.02 208.496789956029 -0.464014264433935 0.48715280861495 30.003210043971
83650 17.03 208.50068433654 -0.466949294304704 0.489520525238483 29.99931566346
83700 17.04 208.508270049696 -0.46814858747221 0.490779573932422 29.991729950304
83750 17.05 208.521804433783 -0.468821833381247 0.492699544276084 29.978195566217
83800 17.06 208.539080534319 -0.471332467049736 0.497482961851658 29.960919465681
83850 17.07 208.554116523057 -0.476249411175169 0.504812101609187 29.945883476943
83900 17.08 208.559797960342 -0.482466913996468 0.512900144027075 29.940202039658
83950 17.09 208.550457667213 -0.488420370405361 0.520120562946475 29.949542332787
84000 17.1 208.524391110657 -0.493046250747922 0.525562725174647 29.975608889343
84050 17.11 208.485422984568 -0.495436923262833 0.528469058919935 30.014577015432
84100 17.12 208.44271459284 -0.494207867794608 0.527552650039091 30.05728540716
84150 17.13 208.408933572706 -0.488989955020772 0.522259990041446 30.091066427294
84200 17.14 208.395895976208 -0.481126316182064 0.513765126162623 30.104104023792
84250 17.15 208.408646011909 -0.473986517848866 0.505658489331068 30.091353988091
84300 17.16 208.441342698491 -0.471993894321071 0.502346242978162 30.058657301509
84350 17.17 208.479566944965 -0.478419747496807 0.507128884909179 30.020433055035
84400 17.18 208.508401409615 -0.491810762817364 0.519418627376293 29.991598590385
84450 17.19 208.520401521419 -0.507012070947565 0.534861589571935 29.979598478581
84500 17.2 208.517407937714 -0.518559371903341 0.547978956549499 29.982592062286
84550 17.21 208.506440404872 -0.523338302413728 0.554769890792651 29.993559595128
84600 17.22 208.495058563743 -0.52201365258861 0.554599897991792 30.004941436257
84650 17.23 208.487662553371 -0.519199342471479 0.551184007431544 30.012337446629
84700 17.24 208.481258553961 -0.519060453051012 0.549147787139779 30.018741446039
84750 17.25 208.467861037699 -0.523442358464015 0.551932950836941 30.032138962301
84800 17.26 208.443685703655 -0.530946515222873 0.559258758170291 30.056314296345
84850 17.27 208.414267600674 -0.538921091234169 0.568381018041799 30.085732399326
84900 17.28 208.391509359715 -0.544396866900235 0.575486969356532 30.108490640285
84950 17.29 208.387063266732 -0.545208308110272 0.577699640553757 30.112936733268
85000 17.3 208.406298211684 -0.541607666270473 0.574873009993456 30.093701788316
85050 17.31 208.444416896282 -0.538082109298291 0.5711060764454 30.055583103718
85100 17.32 208.485054523499 -0.538671452601551 0.570695567370067 30.014945476501
85150 17.33 208.503786505586 -0.544167116635279 0.575459438523411 29.996213494414
85200 17.34 208.483513566047 -0.552171505247046 0.584032273766486 30.016486433953
85250 17.35 208.431452171383 -0.558515972308317 0.592525402049533 30.068547828617
85300 17.36 208.371565186454 -0.560435822927707 0.597587484464903 30.128434813546
85350 17.37 208.324136632244 -0.558924454821817 0.599223941740949 30.175863367756
85400 17.38 208.296022805058 -0.55803033495346 0.600469025572443 30.203977194942
85450 17.39 208.283739531524 -0.561116883484336 0.604098481648662 30.216260468476
85500 17.4 208.278853926431 -0.568057818987675 0.610094263291831 30.221146073569
85550 17.41 208.271118241626 -0.576384902845392 0.61645726549964 30.228881758374
85600 17.42 208.254505764082 -0.582403777866618 0.620387730009603 30.245494235918
85650 17.43 208.234842737484 -0.582401863592211 0.619324635413288 30.265157262516
85700 17.44 208.227928545648 -0.574997795806142 0.612482553581964 30.272071454352
85750 17.45 208.244966329589 -0.562121482243594 0.601448050833982 30.255033670411
85800 17.46 208.281454625349 -0.549020959852927 0.590527638133782 30.218545374651
85850 17.47 208.320848841745 -0.539621744835149 0.582889518312814 30.179151158255
85900 17.48 208.345016133117 -0.534182188766386 0.578511892388588 30.154983866883
85950 17.49 208.342416776748 -0.531278301791945 0.576133047158036 30.157583223252
86000 17.5 208.31279545243 -0.528756986649276 0.574067285904886 30.18720454757
86000 17.5 208.31279545243 -0.528756986649275 0.574067285904886 30.18720454757
86050 17.6 208.291450948528 -0.551254605571614 0.593119068885983 30.208549051472
86100 17.7 208.145008643831 -0.532146142761176 0.579066361815283 30.354991356169
86150 17.8 208.047493593463 -0.526978166679665 0.565910657274913 30.452506406537
86200 17.9 208.05312277509 -0.450469476275902 0.486449343747549 30.44687722491
86250 18 207.994793085949 -0.427187483674882 0.462534746578451 30.505206914051
86300 18.1 208.134356716428 -0.387709865531339 0.423310641476174 30.365643283572
86350 18.2 207.995698739679 -0.37997421565242 0.418622535457746 30.504301260321
86400 18.3 207.863073368608 -0.281834142260905 0.339882890520885 30.636926631392
86450 18.4 207.798097623551 -0.236557126246485 0.269299190616575 30.701902376449
86500 18.5 207.841599461375 -0.201015104108145 0.230746965287756 30.658400538625
86550 18.6 207.91525598617 -0.207825661913523 0.230873790511694 30.58474401383
86600 18.7 207.835804868706 -0.214892653877986 0.237073993608377 30.664195131294
86650 18.8 207.83361497255 -0.194137448189084 0.217803639000975 30.66638502745
86700 18.9 207.679462295466 -0.227488096587081 0.240747389419267 30.820537704534
86750 19 207.727896513914 -0.270250960517889 0.279715208338465 30.772103486086
86800 19.1 207.667841650481 -0.286683591833317 0.292852319881384 30.832158349519
86850 19.2 207.648885542335 -0.269818911051877 0.272375391474182 30.851114457665
86900 19.3 207.598488239811 -0.266173229924908 0.266361119457306 30.901511760189
86950 19.4 207.515838644535 -0.209188904824107 0.214205814761732 30.984161355465
87000 19.5 207.560643260677 -0.1393544233229 0.166059411994038 30.939356739323
87050 19.6 207.612830380108 -0.0892515145512256 0.107630938852583 30.887169619892
87100 19.7 207.560664356774 -0.0443372315991987 0.0941071643435631 30.939335643226
87150 19.8 207.68015236964 -0.0423530156380046 0.0892288877917169 30.81984763036
87200 19.9 207.535097660173 -0.0836461054569141 0.135010383612279 30.964902339827
87250 20 207.516972865011 -0.0884841395753034 0.161995880564795 30.983027134989
87300 20.1 207.445204322318 -0.14344552483678 0.188680184807958 31.054795677682
87350 20.2 207.434474328971 -0.147250725486757 0.166963922420307 31.065525671029
87400 20.3 207.532091879916 -0.11388596266687 0.132357899209867 30.967908120084
87450 20.4 207.440369008558 -0.169890841153184 0.184010298208032 31.059630991442
87500 20.5 207.35275837559 -0.17341326363163 0.184070890247202 31.14724162441
87550 20.6 207.339262842941 -0.217301963110583 0.226567476772952 31.160737157059
87600 20.7 207.386010941847 -0.238503238444982 0.252333219944951 31.113989058153
87650 20.8 207.417358270729 -0.210955271913395 0.236434155350451 31.082641729271
87700 20.9 207.265884225303 -0.217512006331797 0.240380113182389 31.234115774697
87750 21 207.211453053539 -0.265138141710267 0.282350583342561 31.288546946461
87800 21.1 207.209150788274 -0.244393061471887 0.251188705960819 31.290849211726
87850 21.2 207.156542480514 -0.278725813488825 0.301936077535407 31.343457519486
87900 21.3 207.278163644151 -0.298724456219144 0.334766009695337 31.221836355849
87950 21.4 207.261756810126 -0.383254677225492 0.418029376368617 31.238243189874
88000 21.5 207.13723940711 -0.40726481417226 0.456166965318245 31.36276059289
88050 21.6 207.048945425514 -0.440315200633591 0.485162784024851 31.451054574486
88100 21.7 206.995151381482 -0.453741719997294 0.488287808975228 31.504848618518
88150 21.8 206.713498954789 -0.449532090093357 0.48995935303818 31.786501045211
88200 21.9 206.529547801966 -0.429710516858041 0.47314201930622 31.970452198034
88250 22 206.128071751803 -0.424927021063438 0.466960828616914 32.371928248197
88300 22.1 206.2407022168 -0.362992571829239 0.394380759973559 32.2592977832
88350 22.2 206.088895573842 -0.305786197770129 0.326302781812629 32.411104426158
88400 22.3 205.946824294416 -0.266353542812147 0.286533655229351 32.553175705584
88450 22.4 206.016468769577 -0.233909184160881 0.255855862426775 32.483531230423
88500 22.5 205.884609895577 -0.20746513005767 0.258685624612572 32.615390104423
